id,question_code,subject_id,chapter_id,question_type,content,explanation,difficulty,marks,negative_marks,correct_option,option_layout,year,source,raw_text
24c9561e-d4d6-4d73-81ec-028c47908577,CHE-BAS-0001,a0eebc99-9c0b-4ef8-bb6d-6bb9bd380a12,b0eebc99-9c0b-4ef8-bb6d-6bb9bd380b13,MCQ,"[{""type"": ""text"", ""html"": ""<p>Which of the following rules regarding the</p>""}]","[{""type"": ""text"", ""html"": ""<p>Detailed solution and NCERT reference for Chemistry: Which of the following rules regarding the...</p>""}]",Medium,4,1,b,grid_2x2,2024,NEET Chemistry Bank,Which of the following rules regarding the
6ba432cb-8b2f-42e3-b167-b32bba1e620b,CHE-BAS-0002,a0eebc99-9c0b-4ef8-bb6d-6bb9bd380a12,b0eebc99-9c0b-4ef8-bb6d-6bb9bd380b13,MCQ,"[{""type"": ""text"", ""html"": ""<p>significant figures and calculations involving them is/are correct? The result of an addition or subtraction is I. reported to the same number of decimal places as present in number with least decimal places.</p>""}]","[{""type"": ""text"", ""html"": ""<p>Detailed solution and NCERT reference for Chemistry: significant figures and calculations involving them is/are c...</p>""}]",Medium,4,1,c,grid_2x2,2024,NEET Chemistry Bank,significant figures and calculations involving them is/are correct? The result of an addition or subtraction is I. reported to the same number of decimal places as present in number with least decimal places.
728e09d1-739b-4350-aca0-e70c6597d7d2,CHE-BAS-0003,a0eebc99-9c0b-4ef8-bb6d-6bb9bd380a12,b0eebc99-9c0b-4ef8-bb6d-6bb9bd380b13,MCQ,"[{""type"": ""text"", ""html"": ""<p>II. Result of multiplication or division should have same number of significant figures as present in most precise figure. Ill. The result of multiplication or division should be rounded off to same number of significant figures as present in least precise figure. IV. The non-significant figures in the measurements</p>""}]","[{""type"": ""text"", ""html"": ""<p>Detailed solution and NCERT reference for Chemistry: II. Result of multiplication or division should have same nu...</p>""}]",Easy,4,1,d,grid_2x2,2024,NEET Chemistry Bank,II. Result of multiplication or division should have same number of significant figures as present in most precise figure. Ill. The result of multiplication or division should be rounded off to same number of significant figures as present in least precise figure. IV. The non-significant figures in the measurements
57cea8b6-df19-4c2e-a36b-4341c336d458,CHE-BAS-0004,a0eebc99-9c0b-4ef8-bb6d-6bb9bd380a12,b0eebc99-9c0b-4ef8-bb6d-6bb9bd380b13,MCQ,"[{""type"": ""text"", ""html"": ""<p>are rounded off.</p>""}]","[{""type"": ""text"", ""html"": ""<p>Detailed solution and NCERT reference for Chemistry: are rounded off....</p>""}]",Medium,4,1,a,grid_2x2,2024,NEET Chemistry Bank,are rounded off.
856d5c5b-1bcf-4c26-aa39-40299e390a1b,CHE-BAS-0005,a0eebc99-9c0b-4ef8-bb6d-6bb9bd380a12,b0eebc99-9c0b-4ef8-bb6d-6bb9bd380b13,MCQ,"[{""type"": ""text"", ""html"": ""<p>from the following on the basis of significant figures?</p>""}]","[{""type"": ""text"", ""html"": ""<p>Detailed solution and NCERT reference for Chemistry: from the following on the basis of significant figures?...</p>""}]",Hard,4,1,b,grid_2x2,2024,NEET Chemistry Bank,from the following on the basis of significant figures?
ba2b7c58-28ff-4e6d-a665-58947e85ba52,CHE-BAS-0006,a0eebc99-9c0b-4ef8-bb6d-6bb9bd380a12,b0eebc99-9c0b-4ef8-bb6d-6bb9bd380b13,MCQ,"[{""type"": ""text"", ""html"": ""<p>25 (Page 13)</p>""}, {""type"": ""image"", ""src"": ""https://bsbbyuaqibehvcbwugif.supabase.co/storage/v1/object/public/question-assets/chemistry/che_table_1.png"", ""alt"": ""Figure/Table Diagram for CHE-BAS-0006""}]","[{""type"": ""text"", ""html"": ""<p>Detailed solution and NCERT reference for Chemistry: 25 (Page 13)...</p>""}]",Easy,4,1,c,grid_2x2,2024,NEET Chemistry Bank,25 (Page 13)
feaaf94e-a178-4fee-873a-91ff1c227f99,CHE-BAS-0007,a0eebc99-9c0b-4ef8-bb6d-6bb9bd380a12,b0eebc99-9c0b-4ef8-bb6d-6bb9bd380b13,MCQ,"[{""type"": ""text"", ""html"": ""<p>Which of the following have same number of significant figures? \u0412. 2.0005</p>""}]","[{""type"": ""text"", ""html"": ""<p>Detailed solution and NCERT reference for Chemistry: Which of the following have same number of significant figur...</p>""}]",Medium,4,1,d,grid_2x2,2024,NEET Chemistry Bank,Which of the following have same number of significant figures? В. 2.0005
03cbbfc0-51d6-4148-bd12-ab25f6c7635f,CHE-BAS-0008,a0eebc99-9c0b-4ef8-bb6d-6bb9bd380a12,b0eebc99-9c0b-4ef8-bb6d-6bb9bd380b13,MCQ,"[{""type"": ""text"", ""html"": ""<p>A. 0.00591</p>""}]","[{""type"": ""text"", ""html"": ""<p>Detailed solution and NCERT reference for Chemistry: A. 0.00591...</p>""}]",Medium,4,1,a,grid_2x2,2024,NEET Chemistry Bank,A. 0.00591
8e25a5bd-3be6-48bb-b13c-91df454d7b22,CHE-BAS-0009,a0eebc99-9c0b-4ef8-bb6d-6bb9bd380a12,b0eebc99-9c0b-4ef8-bb6d-6bb9bd380b13,MCQ,"[{""type"": ""text"", ""html"": ""<p>5 D. C. 21.0 Choose the correct answer from the options given below:</p>""}]","[{""type"": ""text"", ""html"": ""<p>Detailed solution and NCERT reference for Chemistry: 5 D. C. 21.0 Choose the correct answer from the options give...</p>""}]",Easy,4,1,b,grid_2x2,2024,NEET Chemistry Bank,5 D. C. 21.0 Choose the correct answer from the options given below:
89ff8f1d-a57c-4abc-a0c4-db0b77bf0b93,CHE-BAS-0010,a0eebc99-9c0b-4ef8-bb6d-6bb9bd380a12,b0eebc99-9c0b-4ef8-bb6d-6bb9bd380b13,MCQ,"[{""type"": ""text"", ""html"": ""<p>What mass of $\\text{CaCO}_3$ decompose to give 50 g of</p>""}]","[{""type"": ""text"", ""html"": ""<p>Detailed solution and NCERT reference for Chemistry: What mass of $\\text{CaCO}_3$ decompose to give 50 g of...</p>""}]",Hard,4,1,c,grid_2x2,2024,NEET Chemistry Bank,What mass of $\text{CaCO}_3$ decompose to give 50 g of
fa9c3d13-8a60-44b7-be1c-a4bf59297049,CHE-BAS-0011,a0eebc99-9c0b-4ef8-bb6d-6bb9bd380a12,b0eebc99-9c0b-4ef8-bb6d-6bb9bd380b13,MCQ,"[{""type"": ""text"", ""html"": ""<p>Which of the following is the most accurate measurement?</p>""}]","[{""type"": ""text"", ""html"": ""<p>Detailed solution and NCERT reference for Chemistry: Which of the following is the most accurate measurement?...</p>""}]",Medium,4,1,d,grid_2x2,2024,NEET Chemistry Bank,Which of the following is the most accurate measurement?
9ae7df6e-bd45-4a30-9344-9216cc2900e5,CHE-BAS-0012,a0eebc99-9c0b-4ef8-bb6d-6bb9bd380a12,b0eebc99-9c0b-4ef8-bb6d-6bb9bd380b13,MCQ,"[{""type"": ""text"", ""html"": ""<p>Which of the following statements best explains the law of conservation of mass?</p>""}, {""type"": ""image"", ""src"": ""https://bsbbyuaqibehvcbwugif.supabase.co/storage/v1/object/public/question-assets/chemistry/che_diag_1.png"", ""alt"": ""Figure/Table Diagram for CHE-BAS-0012""}]","[{""type"": ""text"", ""html"": ""<p>Detailed solution and NCERT reference for Chemistry: Which of the following statements best explains the law of c...</p>""}]",Easy,4,1,a,grid_2x2,2024,NEET Chemistry Bank,Which of the following statements best explains the law of conservation of mass?
df40cc2b-ef91-4885-bcb0-8e346f20569e,CHE-BAS-0013,a0eebc99-9c0b-4ef8-bb6d-6bb9bd380a12,b0eebc99-9c0b-4ef8-bb6d-6bb9bd380b13,MCQ,"[{""type"": ""text"", ""html"": ""<p>Which set of figures will be obtained after rounding</p>""}]","[{""type"": ""text"", ""html"": ""<p>Detailed solution and NCERT reference for Chemistry: Which set of figures will be obtained after rounding...</p>""}]",Medium,4,1,b,grid_2x2,2024,NEET Chemistry Bank,Which set of figures will be obtained after rounding
6ec4281c-7536-44ac-b9d0-601673bcb352,CHE-BAS-0014,a0eebc99-9c0b-4ef8-bb6d-6bb9bd380a12,b0eebc99-9c0b-4ef8-bb6d-6bb9bd380b13,MCQ,"[{""type"": ""text"", ""html"": ""<p>216, 0.04597, 10.4107</p>""}]","[{""type"": ""text"", ""html"": ""<p>Detailed solution and NCERT reference for Chemistry: 216, 0.04597, 10.4107...</p>""}]",Medium,4,1,c,grid_2x2,2024,NEET Chemistry Bank,"216, 0.04597, 10.4107"
e1c3b266-8671-4809-8547-75cf313b7fec,CHE-BAS-0015,a0eebc99-9c0b-4ef8-bb6d-6bb9bd380a12,b0eebc99-9c0b-4ef8-bb6d-6bb9bd380b13,MCQ,"[{""type"": ""text"", ""html"": ""<p>Which of the following options is not correct?</p>""}, {""type"": ""image"", ""src"": ""https://bsbbyuaqibehvcbwugif.supabase.co/storage/v1/object/public/question-assets/chemistry/che_diagram_1.png"", ""alt"": ""Figure for CHE-BAS-0015""}]","[{""type"": ""text"", ""html"": ""<p>Detailed solution and NCERT reference for Chemistry: Which of the following options is not correct?...</p>""}]",Easy,4,1,d,grid_2x2,2024,NEET Chemistry Bank,Which of the following options is not correct?
089b79d7-c73b-4850-9478-434b2c58128d,CHE-BAS-0016,a0eebc99-9c0b-4ef8-bb6d-6bb9bd380a12,b0eebc99-9c0b-4ef8-bb6d-6bb9bd380b13,MCQ,"[{""type"": ""text"", ""html"": ""<p>What mass of sodium chloride would be</p>""}]","[{""type"": ""text"", ""html"": ""<p>Detailed solution and NCERT reference for Chemistry: What mass of sodium chloride would be...</p>""}]",Medium,4,1,a,grid_2x2,2024,NEET Chemistry Bank,What mass of sodium chloride would be
2e5f841e-4072-4fa5-9beb-9cf223474dae,CHE-BAS-0017,a0eebc99-9c0b-4ef8-bb6d-6bb9bd380a12,b0eebc99-9c0b-4ef8-bb6d-6bb9bd380b13,MCQ,"[{""type"": ""text"", ""html"": ""<p>$011 \\times 10^{2}$ has 4 significant figures.</p>""}]","[{""type"": ""text"", ""html"": ""<p>Detailed solution and NCERT reference for Chemistry: $011 \\times 10^{2}$ has 4 significant figures....</p>""}]",Medium,4,1,b,grid_2x2,2024,NEET Chemistry Bank,$011 \times 10^{2}$ has 4 significant figures.
9d0d94e1-e173-4eb7-8460-2ad783fa90ee,CHE-BAS-0018,a0eebc99-9c0b-4ef8-bb6d-6bb9bd380a12,b0eebc99-9c0b-4ef8-bb6d-6bb9bd380b13,MCQ,"[{""type"": ""text"", ""html"": ""<p>(Page 13) sodium bisulphate and 2.75 g of hydrogen chloride</p>""}]","[{""type"": ""text"", ""html"": ""<p>Detailed solution and NCERT reference for Chemistry: (Page 13) sodium bisulphate and 2.75 g of hydrogen chloride...</p>""}]",Easy,4,1,c,grid_2x2,2024,NEET Chemistry Bank,(Page 13) sodium bisulphate and 2.75 g of hydrogen chloride
c02aace9-c780-4840-b4c2-0700358ec62f,CHE-BAS-0019,a0eebc99-9c0b-4ef8-bb6d-6bb9bd380a12,b0eebc99-9c0b-4ef8-bb6d-6bb9bd380b13,MCQ,"[{""type"": ""text"", ""html"": ""<p>72 g of a substance \""X occupies 1.81 cm\"". What will were produced in a reaction?</p>""}, {""type"": ""image"", ""src"": ""https://bsbbyuaqibehvcbwugif.supabase.co/storage/v1/object/public/question-assets/chemistry/che_table_2.png"", ""alt"": ""Figure/Table Diagram for CHE-BAS-0019""}]","[{""type"": ""text"", ""html"": ""<p>Detailed solution and NCERT reference for Chemistry: 72 g of a substance \""X occupies 1.81 cm\"". What will were pro...</p>""}]",Medium,4,1,d,grid_2x2,2024,NEET Chemistry Bank,"72 g of a substance ""X occupies 1.81 cm"". What will were produced in a reaction?"
5f0d428f-a0d5-45ee-9881-b02d12904b1e,CHE-BAS-0020,a0eebc99-9c0b-4ef8-bb6d-6bb9bd380a12,b0eebc99-9c0b-4ef8-bb6d-6bb9bd380b13,MCQ,"[{""type"": ""text"", ""html"": ""<p>0 mL. Thenumber of significant figures in the average titre value is</p>""}]","[{""type"": ""text"", ""html"": ""<p>Detailed solution and NCERT reference for Chemistry: 0 mL. Thenumber of significant figures in the average titre ...</p>""}]",Hard,4,1,a,grid_2x2,2024,NEET Chemistry Bank,0 mL. Thenumber of significant figures in the average titre value is
5e7e0c9a-6812-4507-914b-b3f57874c206,CHE-BAS-0021,a0eebc99-9c0b-4ef8-bb6d-6bb9bd380a12,b0eebc99-9c0b-4ef8-bb6d-6bb9bd380b13,MCQ,"[{""type"": ""text"", ""html"": ""<p>88 g of KCIO, when heated produced 1.92 g of O, and 2.96 g of KCI. Which of the following statements regarding the experiment is correct?</p>""}]","[{""type"": ""text"", ""html"": ""<p>Detailed solution and NCERT reference for Chemistry: 88 g of KCIO, when heated produced 1.92 g of O, and 2.96 g o...</p>""}]",Easy,4,1,b,grid_2x2,2024,NEET Chemistry Bank,"88 g of KCIO, when heated produced 1.92 g of O, and 2.96 g of KCI. Which of the following statements regarding the experiment is correct?"
bc2f0338-82e7-4800-8863-175da76a8fa1,CHE-BAS-0022,a0eebc99-9c0b-4ef8-bb6d-6bb9bd380a12,b0eebc99-9c0b-4ef8-bb6d-6bb9bd380b13,MCQ,"[{""type"": ""text"", ""html"": ""<p>85 g of sodium chloride to produce 14.35 g of silver chloride and 8.5 g of sodium nitrate if law of conservation of mass is followed?</p>""}]","[{""type"": ""text"", ""html"": ""<p>Detailed solution and NCERT reference for Chemistry: 85 g of sodium chloride to produce 14.35 g of silver chlorid...</p>""}]",Medium,4,1,c,grid_2x2,2024,NEET Chemistry Bank,85 g of sodium chloride to produce 14.35 g of silver chloride and 8.5 g of sodium nitrate if law of conservation of mass is followed?
112ea09c-cdf2-41c9-a400-727ad98721d9,CHE-BAS-0023,a0eebc99-9c0b-4ef8-bb6d-6bb9bd380a12,b0eebc99-9c0b-4ef8-bb6d-6bb9bd380b13,MCQ,"[{""type"": ""text"", ""html"": ""<p>The statements for laws of chemical combinations</p>""}]","[{""type"": ""text"", ""html"": ""<p>Detailed solution and NCERT reference for Chemistry: The statements for laws of chemical combinations...</p>""}]",Medium,4,1,d,grid_2x2,2024,NEET Chemistry Bank,The statements for laws of chemical combinations
3c554ebd-6fca-4a77-9e13-47280c1ff67d,CHE-BAS-0024,a0eebc99-9c0b-4ef8-bb6d-6bb9bd380a12,b0eebc99-9c0b-4ef8-bb6d-6bb9bd380b13,MCQ,"[{""type"": ""text"", ""html"": ""<p>Which of the following statements illustrates the are given below. Mark the option which are correctly matched. I. Matter can neither be created nor destroyed: Law of conservation of mass II. A compound always contains exactly the same proportion of elements by weight: Law of definite proportions III. When gases combine they do so in a simple ratio by weight: Gay Lussac's Law IV. Equal volumes of gases at same temperature and pressure contain same number of molecules: Avogadro's Law</p>""}]","[{""type"": ""text"", ""html"": ""<p>Detailed solution and NCERT reference for Chemistry: Which of the following statements illustrates the are given ...</p>""}]",Easy,4,1,a,grid_2x2,2024,NEET Chemistry Bank,Which of the following statements illustrates the are given below. Mark the option which are correctly matched. I. Matter can neither be created nor destroyed: Law of conservation of mass II. A compound always contains exactly the same proportion of elements by weight: Law of definite proportions III. When gases combine they do so in a simple ratio by weight: Gay Lussac's Law IV. Equal volumes of gases at same temperature and pressure contain same number of molecules: Avogadro's Law
842b34e4-04e8-4038-9b70-e3646bd549ba,CHE-BAS-0025,a0eebc99-9c0b-4ef8-bb6d-6bb9bd380a12,b0eebc99-9c0b-4ef8-bb6d-6bb9bd380b13,MCQ,"[{""type"": ""text"", ""html"": ""<p>Which of the following pairs illustrates the law of</p>""}, {""type"": ""image"", ""src"": ""https://bsbbyuaqibehvcbwugif.supabase.co/storage/v1/object/public/question-assets/chemistry/che_diag_2.png"", ""alt"": ""Figure/Table Diagram for CHE-BAS-0025""}]","[{""type"": ""text"", ""html"": ""<p>Detailed solution and NCERT reference for Chemistry: Which of the following pairs illustrates the law of...</p>""}]",Hard,4,1,b,grid_2x2,2024,NEET Chemistry Bank,Which of the following pairs illustrates the law of
3e294b3f-a1ba-4cf4-af64-164825a651c3,CHE-BAS-0026,a0eebc99-9c0b-4ef8-bb6d-6bb9bd380a12,b0eebc99-9c0b-4ef8-bb6d-6bb9bd380b13,MCQ,"[{""type"": ""text"", ""html"": ""<p>Hydrogen combine with oxygen to give water vapour as follows : Hydrogen + Oxygen \u2192Water</p>""}]","[{""type"": ""text"", ""html"": ""<p>Detailed solution and NCERT reference for Chemistry: Hydrogen combine with oxygen to give water vapour as follows...</p>""}]",Medium,4,1,c,grid_2x2,2024,NEET Chemistry Bank,Hydrogen combine with oxygen to give water vapour as follows : Hydrogen + Oxygen →Water
8ed81fab-c29d-4dbc-bd8c-bd8a94cff30b,CHE-BAS-0027,a0eebc99-9c0b-4ef8-bb6d-6bb9bd380a12,b0eebc99-9c0b-4ef8-bb6d-6bb9bd380b13,MCQ,"[{""type"": ""text"", ""html"": ""<p>The following data are obtained when carbon 50 mL 100mL 100 ml The above volume relationship is illustrated by which of the following law of chemical combination?</p>""}]","[{""type"": ""text"", ""html"": ""<p>Detailed solution and NCERT reference for Chemistry: The following data are obtained when carbon 50 mL 100mL 100 ...</p>""}]",Easy,4,1,d,grid_2x2,2024,NEET Chemistry Bank,The following data are obtained when carbon 50 mL 100mL 100 ml The above volume relationship is illustrated by which of the following law of chemical combination?
728faf26-aeaa-40dc-962b-db0ff800b468,CHE-BAS-0028,a0eebc99-9c0b-4ef8-bb6d-6bb9bd380a12,b0eebc99-9c0b-4ef8-bb6d-6bb9bd380b13,MCQ,"[{""type"": ""text"", ""html"": ""<p>In an experiment, 2.4 g of iron oxide on reduction with hydrogen gave 1.68 g of iron. In another experiment, 2.7 g of iron oxide gave 1.89 g of iron on reduction. Which law is illustrated from the above data?</p>""}]","[{""type"": ""text"", ""html"": ""<p>Detailed solution and NCERT reference for Chemistry: In an experiment, 2.4 g of iron oxide on reduction with hydr...</p>""}]",Medium,4,1,a,grid_2x2,2024,NEET Chemistry Bank,"In an experiment, 2.4 g of iron oxide on reduction with hydrogen gave 1.68 g of iron. In another experiment, 2.7 g of iron oxide gave 1.89 g of iron on reduction. Which law is illustrated from the above data?"
a6156896-4ff0-4f41-a8fd-2d3977b6cd95,CHE-BAS-0029,a0eebc99-9c0b-4ef8-bb6d-6bb9bd380a12,b0eebc99-9c0b-4ef8-bb6d-6bb9bd380b13,MCQ,"[{""type"": ""text"", ""html"": ""<p>Which of the following statements about Avogadros</p>""}]","[{""type"": ""text"", ""html"": ""<p>Detailed solution and NCERT reference for Chemistry: Which of the following statements about Avogadros...</p>""}]",Medium,4,1,b,grid_2x2,2024,NEET Chemistry Bank,Which of the following statements about Avogadros
292ac4f3-4065-4468-a9cf-50028abc09e8,CHE-BAS-0030,a0eebc99-9c0b-4ef8-bb6d-6bb9bd380a12,b0eebc99-9c0b-4ef8-bb6d-6bb9bd380b13,MCQ,"[{""type"": ""text"", ""html"": ""<p>The following data are obtained when dinitrogen and dioxygen react together to form different compounds: Mass of dioxygen Mass of dinitrogen 16 g 14 g 32g 14 g 32 g 28 g 96 g 28 g</p>""}, {""type"": ""image"", ""src"": ""https://bsbbyuaqibehvcbwugif.supabase.co/storage/v1/object/public/question-assets/chemistry/che_diagram_2.png"", ""alt"": ""Figure for CHE-BAS-0030""}]","[{""type"": ""text"", ""html"": ""<p>Detailed solution and NCERT reference for Chemistry: The following data are obtained when dinitrogen and dioxygen...</p>""}]",Easy,4,1,c,grid_2x2,2024,NEET Chemistry Bank,The following data are obtained when dinitrogen and dioxygen react together to form different compounds: Mass of dioxygen Mass of dinitrogen 16 g 14 g 32g 14 g 32 g 28 g 96 g 28 g
e80fffc2-9d2e-4e03-a683-59e3f348ac04,CHE-BAS-0031,a0eebc99-9c0b-4ef8-bb6d-6bb9bd380a12,b0eebc99-9c0b-4ef8-bb6d-6bb9bd380b13,MCQ,"[{""type"": ""text"", ""html"": ""<p>Which of the following postulates of Dalton's Which law of chemical combination is obeyed by the above experimental data?</p>""}]","[{""type"": ""text"", ""html"": ""<p>Detailed solution and NCERT reference for Chemistry: Which of the following postulates of Dalton's Which law of c...</p>""}]",Medium,4,1,d,grid_2x2,2024,NEET Chemistry Bank,Which of the following postulates of Dalton's Which law of chemical combination is obeyed by the above experimental data?
cc73837e-6704-40d6-890f-7c4a83560d7c,CHE-BAS-0032,a0eebc99-9c0b-4ef8-bb6d-6bb9bd380a12,b0eebc99-9c0b-4ef8-bb6d-6bb9bd380b13,MCQ,"[{""type"": ""text"", ""html"": ""<p>47 g of BaCl, reacts with 2.36 g of Na,SO, to give 3.88 g of BaSO, and 1.95 g of $\\text{NaCl}$.</p>""}, {""type"": ""image"", ""src"": ""https://bsbbyuaqibehvcbwugif.supabase.co/storage/v1/object/public/question-assets/chemistry/che_table_3.png"", ""alt"": ""Figure/Table Diagram for CHE-BAS-0032""}]","[{""type"": ""text"", ""html"": ""<p>Detailed solution and NCERT reference for Chemistry: 47 g of BaCl, reacts with 2.36 g of Na,SO, to give 3.88 g of...</p>""}]",Medium,4,1,a,grid_2x2,2024,NEET Chemistry Bank,"47 g of BaCl, reacts with 2.36 g of Na,SO, to give 3.88 g of BaSO, and 1.95 g of $\text{NaCl}$."
fc3d5bd5-689d-480e-968d-095cb26244aa,CHE-BAS-0033,a0eebc99-9c0b-4ef8-bb6d-6bb9bd380a12,b0eebc99-9c0b-4ef8-bb6d-6bb9bd380b13,MCQ,"[{""type"": ""text"", ""html"": ""<p>I. it could not explain the law of gaseous volumes 1l. it could not explain why atoms of different elements have different masses, sizes, etc</p>""}]","[{""type"": ""text"", ""html"": ""<p>Detailed solution and NCERT reference for Chemistry: I. it could not explain the law of gaseous volumes 1l. it co...</p>""}]",Easy,4,1,b,grid_2x2,2024,NEET Chemistry Bank,"I. it could not explain the law of gaseous volumes 1l. it could not explain why atoms of different elements have different masses, sizes, etc"
5c8b6461-fdca-49e1-84e6-9ac603023530,CHE-BAS-0034,a0eebc99-9c0b-4ef8-bb6d-6bb9bd380a12,b0eebc99-9c0b-4ef8-bb6d-6bb9bd380b13,MCQ,"[{""type"": ""text"", ""html"": ""<p>What is the mass of carbon dioxide which contains IIl. it could not explain how and why atoms combine to form molecules</p>""}]","[{""type"": ""text"", ""html"": ""<p>Detailed solution and NCERT reference for Chemistry: What is the mass of carbon dioxide which contains IIl. it co...</p>""}]",Medium,4,1,c,grid_2x2,2024,NEET Chemistry Bank,What is the mass of carbon dioxide which contains IIl. it could not explain how and why atoms combine to form molecules
536df4b6-88df-40d4-a2d8-21a6d69d2928,CHE-BAS-0035,a0eebc99-9c0b-4ef8-bb6d-6bb9bd380a12,b0eebc99-9c0b-4ef8-bb6d-6bb9bd380b13,MCQ,"[{""type"": ""text"", ""html"": ""<p>The weight of a molecule of the compound C60H122</p>""}]","[{""type"": ""text"", ""html"": ""<p>Detailed solution and NCERT reference for Chemistry: The weight of a molecule of the compound C60H122...</p>""}]",Hard,4,1,d,grid_2x2,2024,NEET Chemistry Bank,The weight of a molecule of the compound C60H122
fc704500-2f38-4c91-9724-4d2b9308c9fc,CHE-BAS-0036,a0eebc99-9c0b-4ef8-bb6d-6bb9bd380a12,b0eebc99-9c0b-4ef8-bb6d-6bb9bd380b13,MCQ,"[{""type"": ""text"", ""html"": ""<p>Oxygen occurs in nature as a mixture of isotopes 160, \""O and \""O having atomic masses of 15.995 u,</p>""}]","[{""type"": ""text"", ""html"": ""<p>Detailed solution and NCERT reference for Chemistry: Oxygen occurs in nature as a mixture of isotopes 160, \""O and...</p>""}]",Easy,4,1,a,grid_2x2,2024,NEET Chemistry Bank,"Oxygen occurs in nature as a mixture of isotopes 160, ""O and ""O having atomic masses of 15.995 u,"
76638286-ced6-463d-95c3-1260fc911e5c,CHE-BAS-0037,a0eebc99-9c0b-4ef8-bb6d-6bb9bd380a12,b0eebc99-9c0b-4ef8-bb6d-6bb9bd380b13,MCQ,"[{""type"": ""text"", ""html"": ""<p>999 u and 17.999 u and relative abundance of</p>""}]","[{""type"": ""text"", ""html"": ""<p>Detailed solution and NCERT reference for Chemistry: 999 u and 17.999 u and relative abundance of...</p>""}]",Medium,4,1,b,grid_2x2,2024,NEET Chemistry Bank,999 u and 17.999 u and relative abundance of
6c4aaadf-a755-433a-bcc5-9ab79821f24a,CHE-BAS-0038,a0eebc99-9c0b-4ef8-bb6d-6bb9bd380a12,b0eebc99-9c0b-4ef8-bb6d-6bb9bd380b13,MCQ,"[{""type"": ""text"", ""html"": ""<p>763%, 0.037% and 0.200% respectively. What is the average atomic mass of oxygen?</p>""}, {""type"": ""image"", ""src"": ""https://bsbbyuaqibehvcbwugif.supabase.co/storage/v1/object/public/question-assets/chemistry/che_diag_3.png"", ""alt"": ""Figure/Table Diagram for CHE-BAS-0038""}]","[{""type"": ""text"", ""html"": ""<p>Detailed solution and NCERT reference for Chemistry: 763%, 0.037% and 0.200% respectively. What is the average at...</p>""}]",Medium,4,1,c,grid_2x2,2024,NEET Chemistry Bank,"763%, 0.037% and 0.200% respectively. What is the average atomic mass of oxygen?"
f1df4f8b-6aaf-45bf-9237-75cf7ca1bb52,CHE-BAS-0039,a0eebc99-9c0b-4ef8-bb6d-6bb9bd380a12,b0eebc99-9c0b-4ef8-bb6d-6bb9bd380b13,MCQ,"[{""type"": ""text"", ""html"": ""<p>Which is true for 1 mole of oxalic acid dihydrate?</p>""}]","[{""type"": ""text"", ""html"": ""<p>Detailed solution and NCERT reference for Chemistry: Which is true for 1 mole of oxalic acid dihydrate?...</p>""}]",Easy,4,1,d,grid_2x2,2024,NEET Chemistry Bank,Which is true for 1 mole of oxalic acid dihydrate?
0747a710-9724-475d-9335-797fdc3d01b4,CHE-BAS-0040,a0eebc99-9c0b-4ef8-bb6d-6bb9bd380a12,b0eebc99-9c0b-4ef8-bb6d-6bb9bd380b13,MCQ,"[{""type"": ""text"", ""html"": ""<p>For every one \""Cl isotope there are three 35Cl isotopes in a sample of chlorine. What will be the average atomic mass of chlorine?</p>""}]","[{""type"": ""text"", ""html"": ""<p>Detailed solution and NCERT reference for Chemistry: For every one \""Cl isotope there are three 35Cl isotopes in a...</p>""}]",Hard,4,1,a,grid_2x2,2024,NEET Chemistry Bank,"For every one ""Cl isotope there are three 35Cl isotopes in a sample of chlorine. What will be the average atomic mass of chlorine?"
065b7e41-9762-4d31-b15d-33431660d90b,CHE-BAS-0041,a0eebc99-9c0b-4ef8-bb6d-6bb9bd380a12,b0eebc99-9c0b-4ef8-bb6d-6bb9bd380b13,MCQ,"[{""type"": ""text"", ""html"": ""<p>The density of a gas is 1.78 g L ' at STP. The weight (Page 17)</p>""}]","[{""type"": ""text"", ""html"": ""<p>Detailed solution and NCERT reference for Chemistry: The density of a gas is 1.78 g L ' at STP. The weight (Page ...</p>""}]",Medium,4,1,b,grid_2x2,2024,NEET Chemistry Bank,The density of a gas is 1.78 g L ' at STP. The weight (Page 17)
959a8e3d-1019-4a26-a091-219d9cc21eb5,CHE-BAS-0042,a0eebc99-9c0b-4ef8-bb6d-6bb9bd380a12,b0eebc99-9c0b-4ef8-bb6d-6bb9bd380b13,MCQ,"[{""type"": ""text"", ""html"": ""<p>Carbon occurs in nature as a mixture of '2C and 13C. The average atomic mass of carbon is 12.011. What is the % abundance of C in nature?</p>""}]","[{""type"": ""text"", ""html"": ""<p>Detailed solution and NCERT reference for Chemistry: Carbon occurs in nature as a mixture of '2C and 13C. The ave...</p>""}]",Easy,4,1,c,grid_2x2,2024,NEET Chemistry Bank,Carbon occurs in nature as a mixture of '2C and 13C. The average atomic mass of carbon is 12.011. What is the % abundance of C in nature?
cb18c71e-62aa-4b9e-8685-3faac3090fc7,CHE-BAS-0043,a0eebc99-9c0b-4ef8-bb6d-6bb9bd380a12,b0eebc99-9c0b-4ef8-bb6d-6bb9bd380b13,MCQ,"[{""type"": ""text"", ""html"": ""<p>Which of the following gases will have least (Page 17)</p>""}]","[{""type"": ""text"", ""html"": ""<p>Detailed solution and NCERT reference for Chemistry: Which of the following gases will have least (Page 17)...</p>""}]",Medium,4,1,d,grid_2x2,2024,NEET Chemistry Bank,Which of the following gases will have least (Page 17)
b4f71bc6-2c93-443b-8e50-35e3314a4ec6,CHE-BAS-0044,a0eebc99-9c0b-4ef8-bb6d-6bb9bd380a12,b0eebc99-9c0b-4ef8-bb6d-6bb9bd380b13,MCQ,"[{""type"": ""text"", ""html"": ""<p>Packing of Na* and Cl ions in sodium chloride is depicted by the given figure. Choose the correct</p>""}]","[{""type"": ""text"", ""html"": ""<p>Detailed solution and NCERT reference for Chemistry: Packing of Na* and Cl ions in sodium chloride is depicted by...</p>""}]",Medium,4,1,a,grid_2x2,2024,NEET Chemistry Bank,Packing of Na* and Cl ions in sodium chloride is depicted by the given figure. Choose the correct
51557067-482d-4c24-99ff-6abd729924f2,CHE-BAS-0045,a0eebc99-9c0b-4ef8-bb6d-6bb9bd380a12,b0eebc99-9c0b-4ef8-bb6d-6bb9bd380b13,MCQ,"[{""type"": ""text"", ""html"": ""<p>option regarding formula mass of sodium chloride.</p>""}, {""type"": ""image"", ""src"": ""https://bsbbyuaqibehvcbwugif.supabase.co/storage/v1/object/public/question-assets/chemistry/che_table_4.png"", ""alt"": ""Figure/Table Diagram for CHE-BAS-0045""}]","[{""type"": ""text"", ""html"": ""<p>Detailed solution and NCERT reference for Chemistry: option regarding formula mass of sodium chloride....</p>""}]",Easy,4,1,b,grid_2x2,2024,NEET Chemistry Bank,option regarding formula mass of sodium chloride.
5f0d95e0-f0ad-48e9-ba69-ab9619bc69e0,CHE-BAS-0046,a0eebc99-9c0b-4ef8-bb6d-6bb9bd380a12,b0eebc99-9c0b-4ef8-bb6d-6bb9bd380b13,MCQ,"[{""type"": ""text"", ""html"": ""<p>Total number of atoms present in 34 g of NH, is Mole Concept and Molar Masses depicted?</p>""}]","[{""type"": ""text"", ""html"": ""<p>Detailed solution and NCERT reference for Chemistry: Total number of atoms present in 34 g of NH, is Mole Concept...</p>""}]",Medium,4,1,c,grid_2x2,2024,NEET Chemistry Bank,"Total number of atoms present in 34 g of NH, is Mole Concept and Molar Masses depicted?"
4f93e9bf-5298-4e08-a966-bae56076413f,CHE-BAS-0047,a0eebc99-9c0b-4ef8-bb6d-6bb9bd380a12,b0eebc99-9c0b-4ef8-bb6d-6bb9bd380b13,MCQ,"[{""type"": ""text"", ""html"": ""<p>Which of the following formulae is not correctly</p>""}]","[{""type"": ""text"", ""html"": ""<p>Detailed solution and NCERT reference for Chemistry: Which of the following formulae is not correctly...</p>""}]",Medium,4,1,d,grid_2x2,2024,NEET Chemistry Bank,Which of the following formulae is not correctly
07437aee-a84d-437a-a8e2-afa2abde80af,CHE-BAS-0048,a0eebc99-9c0b-4ef8-bb6d-6bb9bd380a12,b0eebc99-9c0b-4ef8-bb6d-6bb9bd380b13,MCQ,"[{""type"": ""text"", ""html"": ""<p>What will be the mass of 100 atoms of hydrogen? Mass of substance</p>""}]","[{""type"": ""text"", ""html"": ""<p>Detailed solution and NCERT reference for Chemistry: What will be the mass of 100 atoms of hydrogen? Mass of subs...</p>""}]",Easy,4,1,a,grid_2x2,2024,NEET Chemistry Bank,What will be the mass of 100 atoms of hydrogen? Mass of substance
84d8b887-3c7b-4c08-a1a6-03547b088ef1,CHE-BAS-0049,a0eebc99-9c0b-4ef8-bb6d-6bb9bd380a12,b0eebc99-9c0b-4ef8-bb6d-6bb9bd380b13,MCQ,"[{""type"": ""text"", ""html"": ""<p>How many atoms in total are present in 1 kg of sugar?</p>""}]","[{""type"": ""text"", ""html"": ""<p>Detailed solution and NCERT reference for Chemistry: How many atoms in total are present in 1 kg of sugar?...</p>""}]",Medium,4,1,b,grid_2x2,2024,NEET Chemistry Bank,How many atoms in total are present in 1 kg of sugar?
a7a129fb-e511-4166-8dcb-bd87cc8753cf,CHE-BAS-0050,a0eebc99-9c0b-4ef8-bb6d-6bb9bd380a12,b0eebc99-9c0b-4ef8-bb6d-6bb9bd380b13,MCQ,"[{""type"": ""text"", ""html"": ""<p>A mixture having 2 g of hydrogen and 32 g of</p>""}]","[{""type"": ""text"", ""html"": ""<p>Detailed solution and NCERT reference for Chemistry: A mixture having 2 g of hydrogen and 32 g of...</p>""}]",Hard,4,1,c,grid_2x2,2024,NEET Chemistry Bank,A mixture having 2 g of hydrogen and 32 g of
998d5819-6ad2-4536-babb-7f03e7c706a9,CHE-BAS-0051,a0eebc99-9c0b-4ef8-bb6d-6bb9bd380a12,b0eebc99-9c0b-4ef8-bb6d-6bb9bd380b13,MCQ,"[{""type"": ""text"", ""html"": ""<p>Which of the following contains same number</p>""}, {""type"": ""image"", ""src"": ""https://bsbbyuaqibehvcbwugif.supabase.co/storage/v1/object/public/question-assets/chemistry/che_diag_4.png"", ""alt"": ""Figure/Table Diagram for CHE-BAS-0051""}]","[{""type"": ""text"", ""html"": ""<p>Detailed solution and NCERT reference for Chemistry: Which of the following contains same number...</p>""}]",Easy,4,1,d,grid_2x2,2024,NEET Chemistry Bank,Which of the following contains same number
77721a4e-91e2-4d05-9e33-f2ddb25175b6,CHE-BAS-0052,a0eebc99-9c0b-4ef8-bb6d-6bb9bd380a12,b0eebc99-9c0b-4ef8-bb6d-6bb9bd380b13,MCQ,"[{""type"": ""text"", ""html"": ""<p>of atoms as present in 1.5 moles of phosphorous trichloride?</p>""}]","[{""type"": ""text"", ""html"": ""<p>Detailed solution and NCERT reference for Chemistry: of atoms as present in 1.5 moles of phosphorous trichloride?...</p>""}]",Medium,4,1,a,grid_2x2,2024,NEET Chemistry Bank,of atoms as present in 1.5 moles of phosphorous trichloride?
c18ecddf-8757-4297-b21d-3bd20cf2bf6b,CHE-BAS-0053,a0eebc99-9c0b-4ef8-bb6d-6bb9bd380a12,b0eebc99-9c0b-4ef8-bb6d-6bb9bd380b13,MCQ,"[{""type"": ""text"", ""html"": ""<p>Which of the following would contain the same (Page 18)</p>""}]","[{""type"": ""text"", ""html"": ""<p>Detailed solution and NCERT reference for Chemistry: Which of the following would contain the same (Page 18)...</p>""}]",Medium,4,1,b,grid_2x2,2024,NEET Chemistry Bank,Which of the following would contain the same (Page 18)
34fdc825-a5e0-4038-8a24-763559857113,CHE-BAS-0054,a0eebc99-9c0b-4ef8-bb6d-6bb9bd380a12,b0eebc99-9c0b-4ef8-bb6d-6bb9bd380b13,MCQ,"[{""type"": ""text"", ""html"": ""<p>How many atoms of sulphur are present in 0.2 mole of sulphur (Sg) molecule?</p>""}]","[{""type"": ""text"", ""html"": ""<p>Detailed solution and NCERT reference for Chemistry: How many atoms of sulphur are present in 0.2 mole of sulphur...</p>""}]",Easy,4,1,c,grid_2x2,2024,NEET Chemistry Bank,How many atoms of sulphur are present in 0.2 mole of sulphur (Sg) molecule?
9f447207-e6de-45e5-95a7-674fb30a9117,CHE-BAS-0055,a0eebc99-9c0b-4ef8-bb6d-6bb9bd380a12,b0eebc99-9c0b-4ef8-bb6d-6bb9bd380b13,MCQ,"[{""type"": ""text"", ""html"": ""<p>In a mixture of gases, the volume content of a gas</p>""}]","[{""type"": ""text"", ""html"": ""<p>Detailed solution and NCERT reference for Chemistry: In a mixture of gases, the volume content of a gas...</p>""}]",Hard,4,1,d,grid_2x2,2024,NEET Chemistry Bank,"In a mixture of gases, the volume content of a gas"
43c4b66b-12c7-42d1-8b3d-c7821efba51c,CHE-BAS-0056,a0eebc99-9c0b-4ef8-bb6d-6bb9bd380a12,b0eebc99-9c0b-4ef8-bb6d-6bb9bd380b13,MCQ,"[{""type"": ""text"", ""html"": ""<p>How much copper is present in 50 g of CuSO,? is 0.06% at STP. Calculate the number of molecules of the gas in 1 L of the mixture.</p>""}]","[{""type"": ""text"", ""html"": ""<p>Detailed solution and NCERT reference for Chemistry: How much copper is present in 50 g of CuSO,? is 0.06% at STP...</p>""}]",Medium,4,1,a,grid_2x2,2024,NEET Chemistry Bank,"How much copper is present in 50 g of CuSO,? is 0.06% at STP. Calculate the number of molecules of the gas in 1 L of the mixture."
e4e9cc02-865f-4e90-867b-050f82b4baf4,CHE-BAS-0057,a0eebc99-9c0b-4ef8-bb6d-6bb9bd380a12,b0eebc99-9c0b-4ef8-bb6d-6bb9bd380b13,MCQ,"[{""type"": ""text"", ""html"": ""<p>What will be the weight of CO having the same number of oxygen atoms as present in 22 g of CO,?</p>""}]","[{""type"": ""text"", ""html"": ""<p>Detailed solution and NCERT reference for Chemistry: What will be the weight of CO having the same number of oxyg...</p>""}]",Easy,4,1,b,grid_2x2,2024,NEET Chemistry Bank,"What will be the weight of CO having the same number of oxygen atoms as present in 22 g of CO,?"
006c60a6-fec5-463d-a4ab-4ea391940a1a,CHE-BAS-0058,a0eebc99-9c0b-4ef8-bb6d-6bb9bd380a12,b0eebc99-9c0b-4ef8-bb6d-6bb9bd380b13,MCQ,"[{""type"": ""text"", ""html"": ""<p>48 g of a sample of a compound containing boron The number of atoms in 4.25g of NH, is approximately</p>""}, {""type"": ""image"", ""src"": ""https://bsbbyuaqibehvcbwugif.supabase.co/storage/v1/object/public/question-assets/chemistry/che_table_5.png"", ""alt"": ""Figure/Table Diagram for CHE-BAS-0058""}]","[{""type"": ""text"", ""html"": ""<p>Detailed solution and NCERT reference for Chemistry: 48 g of a sample of a compound containing boron The number o...</p>""}]",Medium,4,1,c,grid_2x2,2024,NEET Chemistry Bank,"48 g of a sample of a compound containing boron The number of atoms in 4.25g of NH, is approximately"
89e93c40-4da4-4ae3-b543-adc2a1212382,CHE-BAS-0059,a0eebc99-9c0b-4ef8-bb6d-6bb9bd380a12,b0eebc99-9c0b-4ef8-bb6d-6bb9bd380b13,MCQ,"[{""type"": ""text"", ""html"": ""<p>How many number of aluminium ions are present in 0.051 g of aluminium oxide?</p>""}]","[{""type"": ""text"", ""html"": ""<p>Detailed solution and NCERT reference for Chemistry: How many number of aluminium ions are present in 0.051 g of ...</p>""}]",Medium,4,1,d,grid_2x2,2024,NEET Chemistry Bank,How many number of aluminium ions are present in 0.051 g of aluminium oxide?
b0298e26-2eb3-4d49-806f-6cd6676b508b,CHE-BAS-0060,a0eebc99-9c0b-4ef8-bb6d-6bb9bd380a12,b0eebc99-9c0b-4ef8-bb6d-6bb9bd380b13,MCQ,"[{""type"": ""text"", ""html"": ""<p>A compound of magnesium contains 21.9%</p>""}]","[{""type"": ""text"", ""html"": ""<p>Detailed solution and NCERT reference for Chemistry: A compound of magnesium contains 21.9%...</p>""}]",Easy,4,1,a,grid_2x2,2024,NEET Chemistry Bank,A compound of magnesium contains 21.9%
29ad449f-301f-42c0-88ae-b0096e2e0668,CHE-BAS-0061,a0eebc99-9c0b-4ef8-bb6d-6bb9bd380a12,b0eebc99-9c0b-4ef8-bb6d-6bb9bd380b13,MCQ,"[{""type"": ""text"", ""html"": ""<p>Which of the following correctly represents 180 g of water? (i) 5 moles of water (i1) 10 moles of water (iii) $6.023 \\times 10^{2}$ molecules of water</p>""}]","[{""type"": ""text"", ""html"": ""<p>Detailed solution and NCERT reference for Chemistry: Which of the following correctly represents 180 g of water? ...</p>""}]",Medium,4,1,b,grid_2x2,2024,NEET Chemistry Bank,Which of the following correctly represents 180 g of water? (i) 5 moles of water (i1) 10 moles of water (iii) $6.023 \times 10^{2}$ molecules of water
7d5e07d4-f996-48f4-83f7-be1d94523654,CHE-BAS-0062,a0eebc99-9c0b-4ef8-bb6d-6bb9bd380a12,b0eebc99-9c0b-4ef8-bb6d-6bb9bd380b13,MCQ,"[{""type"": ""text"", ""html"": ""<p>A compound contains two elements 'X and 'Y in (iv) 6.023x 10molecules of water</p>""}]","[{""type"": ""text"", ""html"": ""<p>Detailed solution and NCERT reference for Chemistry: A compound contains two elements 'X and 'Y in (iv) 6.023x 10...</p>""}]",Medium,4,1,c,grid_2x2,2024,NEET Chemistry Bank,A compound contains two elements 'X and 'Y in (iv) 6.023x 10molecules of water
aa90f7a7-5e44-4b43-88e1-50e91d95be7f,CHE-BAS-0063,a0eebc99-9c0b-4ef8-bb6d-6bb9bd380a12,b0eebc99-9c0b-4ef8-bb6d-6bb9bd380b13,MCQ,"[{""type"": ""text"", ""html"": ""<p>How many oxygen atoms will be present in 88 g of</p>""}]","[{""type"": ""text"", ""html"": ""<p>Detailed solution and NCERT reference for Chemistry: How many oxygen atoms will be present in 88 g of...</p>""}]",Easy,4,1,d,grid_2x2,2024,NEET Chemistry Bank,How many oxygen atoms will be present in 88 g of
065611ff-405d-436b-b289-6e6073e9e894,CHE-BAS-0064,a0eebc99-9c0b-4ef8-bb6d-6bb9bd380a12,b0eebc99-9c0b-4ef8-bb6d-6bb9bd380b13,MCQ,"[{""type"": ""text"", ""html"": ""<p>What is the total number of electrons present in</p>""}, {""type"": ""image"", ""src"": ""https://bsbbyuaqibehvcbwugif.supabase.co/storage/v1/object/public/question-assets/chemistry/che_diag_5.png"", ""alt"": ""Figure/Table Diagram for CHE-BAS-0064""}]","[{""type"": ""text"", ""html"": ""<p>Detailed solution and NCERT reference for Chemistry: What is the total number of electrons present in...</p>""}]",Medium,4,1,a,grid_2x2,2024,NEET Chemistry Bank,What is the total number of electrons present in
149b628f-9c22-4547-a1db-38e0082f5aaf,CHE-BAS-0065,a0eebc99-9c0b-4ef8-bb6d-6bb9bd380a12,b0eebc99-9c0b-4ef8-bb6d-6bb9bd380b13,MCQ,"[{""type"": ""text"", ""html"": ""<p>oxygen occupies how much volume at NTP?</p>""}]","[{""type"": ""text"", ""html"": ""<p>Detailed solution and NCERT reference for Chemistry: oxygen occupies how much volume at NTP?...</p>""}]",Hard,4,1,b,grid_2x2,2024,NEET Chemistry Bank,oxygen occupies how much volume at NTP?
d2555239-e558-496d-b9b9-912cded83200,CHE-BAS-0066,a0eebc99-9c0b-4ef8-bb6d-6bb9bd380a12,b0eebc99-9c0b-4ef8-bb6d-6bb9bd380b13,MCQ,"[{""type"": ""text"", ""html"": ""<p>Choose the molecular formula of an oxide of iron</p>""}]","[{""type"": ""text"", ""html"": ""<p>Detailed solution and NCERT reference for Chemistry: Choose the molecular formula of an oxide of iron...</p>""}]",Easy,4,1,c,grid_2x2,2024,NEET Chemistry Bank,Choose the molecular formula of an oxide of iron
fee92740-4e46-4251-a639-0f666462696d,CHE-BAS-0067,a0eebc99-9c0b-4ef8-bb6d-6bb9bd380a12,b0eebc99-9c0b-4ef8-bb6d-6bb9bd380b13,MCQ,"[{""type"": ""text"", ""html"": ""<p>in which the mass per cent of iron and oxygen are</p>""}]","[{""type"": ""text"", ""html"": ""<p>Detailed solution and NCERT reference for Chemistry: in which the mass per cent of iron and oxygen are...</p>""}]",Medium,4,1,d,grid_2x2,2024,NEET Chemistry Bank,in which the mass per cent of iron and oxygen are
5242dbaf-4dc4-41b6-8cbe-05c33ee6663f,CHE-BAS-0068,a0eebc99-9c0b-4ef8-bb6d-6bb9bd380a12,b0eebc99-9c0b-4ef8-bb6d-6bb9bd380b13,MCQ,"[{""type"": ""text"", ""html"": ""<p>9and 30.1 respectively and its molecular mass is 160.</p>""}]","[{""type"": ""text"", ""html"": ""<p>Detailed solution and NCERT reference for Chemistry: 9and 30.1 respectively and its molecular mass is 160....</p>""}]",Medium,4,1,a,grid_2x2,2024,NEET Chemistry Bank,9and 30.1 respectively and its molecular mass is 160.
36c1bed5-acfa-4b6d-bf39-7db04babd22d,CHE-BAS-0069,a0eebc99-9c0b-4ef8-bb6d-6bb9bd380a12,b0eebc99-9c0b-4ef8-bb6d-6bb9bd380b13,MCQ,"[{""type"": ""text"", ""html"": ""<p>An organic compound on analysis gave C = 54.2%, H = 9.2% by mass. Its empirical formula is</p>""}]","[{""type"": ""text"", ""html"": ""<p>Detailed solution and NCERT reference for Chemistry: An organic compound on analysis gave C = 54.2%, H = 9.2% by ...</p>""}]",Easy,4,1,b,grid_2x2,2024,NEET Chemistry Bank,"An organic compound on analysis gave C = 54.2%, H = 9.2% by mass. Its empirical formula is"
344fe276-262f-414a-9347-a9517bef4d1f,CHE-BAS-0070,a0eebc99-9c0b-4ef8-bb6d-6bb9bd380a12,b0eebc99-9c0b-4ef8-bb6d-6bb9bd380b13,MCQ,"[{""type"": ""text"", ""html"": ""<p>HCI is producedin the stomach which canbe (Page 19,20)</p>""}]","[{""type"": ""text"", ""html"": ""<p>Detailed solution and NCERT reference for Chemistry: HCI is producedin the stomach which canbe (Page 19,20)...</p>""}]",Hard,4,1,c,grid_2x2,2024,NEET Chemistry Bank,"HCI is producedin the stomach which canbe (Page 19,20)"
e4655b66-015f-46d5-ad86-62250d59ecfc,CHE-BAS-0071,a0eebc99-9c0b-4ef8-bb6d-6bb9bd380a12,b0eebc99-9c0b-4ef8-bb6d-6bb9bd380b13,MCQ,"[{""type"": ""text"", ""html"": ""<p>The relative number of atoms of elements, 'Xand *Y\"" in a compound is 0.25 and 0.5. The empirical formula of compound is</p>""}, {""type"": ""image"", ""src"": ""https://bsbbyuaqibehvcbwugif.supabase.co/storage/v1/object/public/question-assets/chemistry/che_table_6.png"", ""alt"": ""Figure/Table Diagram for CHE-BAS-0071""}]","[{""type"": ""text"", ""html"": ""<p>Detailed solution and NCERT reference for Chemistry: The relative number of atoms of elements, 'Xand *Y\"" in a com...</p>""}]",Medium,4,1,d,grid_2x2,2024,NEET Chemistry Bank,"The relative number of atoms of elements, 'Xand *Y"" in a compound is 0.25 and 0.5. The empirical formula of compound is"
43b52dc4-61cb-4fa0-87dc-55ee1095fe14,CHE-BAS-0072,a0eebc99-9c0b-4ef8-bb6d-6bb9bd380a12,b0eebc99-9c0b-4ef8-bb6d-6bb9bd380b13,MCQ,"[{""type"": ""text"", ""html"": ""<p>Two elements P' and 'O' combine to form a</p>""}]","[{""type"": ""text"", ""html"": ""<p>Detailed solution and NCERT reference for Chemistry: Two elements P' and 'O' combine to form a...</p>""}]",Easy,4,1,a,grid_2x2,2024,NEET Chemistry Bank,Two elements P' and 'O' combine to form a
7d78678e-17a9-4980-b495-d59974bdffc3,CHE-BAS-0073,a0eebc99-9c0b-4ef8-bb6d-6bb9bd380a12,b0eebc99-9c0b-4ef8-bb6d-6bb9bd380b13,MCQ,"[{""type"": ""text"", ""html"": ""<p>Iron can be obtained by reduction of iron oxide compound. Atomic mass of 'P' is 12 and 'Q' is 16. Percentage of \""P' in the compound is 27.3. What will be the empirical formula of the compound?</p>""}]","[{""type"": ""text"", ""html"": ""<p>Detailed solution and NCERT reference for Chemistry: Iron can be obtained by reduction of iron oxide compound. At...</p>""}]",Medium,4,1,b,grid_2x2,2024,NEET Chemistry Bank,"Iron can be obtained by reduction of iron oxide compound. Atomic mass of 'P' is 12 and 'Q' is 16. Percentage of ""P' in the compound is 27.3. What will be the empirical formula of the compound?"
d1d93a28-01dd-4568-a8c6-482a2ebf46fd,CHE-BAS-0074,a0eebc99-9c0b-4ef8-bb6d-6bb9bd380a12,b0eebc99-9c0b-4ef8-bb6d-6bb9bd380b13,MCQ,"[{""type"": ""text"", ""html"": ""<p>A sample of silver (1.5 g) is heated with S to form</p>""}]","[{""type"": ""text"", ""html"": ""<p>Detailed solution and NCERT reference for Chemistry: A sample of silver (1.5 g) is heated with S to form...</p>""}]",Medium,4,1,c,grid_2x2,2024,NEET Chemistry Bank,A sample of silver (1.5 g) is heated with S to form
851d2112-3dc5-40d6-9e72-bd2467c6c43b,CHE-BAS-0075,a0eebc99-9c0b-4ef8-bb6d-6bb9bd380a12,b0eebc99-9c0b-4ef8-bb6d-6bb9bd380b13,MCQ,"[{""type"": ""text"", ""html"": ""<p>How much oxygen is required for complete combustion of 560 g of ethene?</p>""}]","[{""type"": ""text"", ""html"": ""<p>Detailed solution and NCERT reference for Chemistry: How much oxygen is required for complete combustion of 560 g...</p>""}]",Easy,4,1,d,grid_2x2,2024,NEET Chemistry Bank,How much oxygen is required for complete combustion of 560 g of ethene?
e4caaecc-15ff-4967-8993-61ca0d38f982,CHE-BAS-0076,a0eebc99-9c0b-4ef8-bb6d-6bb9bd380a12,b0eebc99-9c0b-4ef8-bb6d-6bb9bd380b13,MCQ,"[{""type"": ""text"", ""html"": ""<p>How many moles of oxygen gas can be produced</p>""}]","[{""type"": ""text"", ""html"": ""<p>Detailed solution and NCERT reference for Chemistry: How many moles of oxygen gas can be produced...</p>""}]",Medium,4,1,a,grid_2x2,2024,NEET Chemistry Bank,How many moles of oxygen gas can be produced
50013470-48d2-4eb7-9d6a-e79e3e434f1d,CHE-BAS-0077,a0eebc99-9c0b-4ef8-bb6d-6bb9bd380a12,b0eebc99-9c0b-4ef8-bb6d-6bb9bd380b13,MCQ,"[{""type"": ""text"", ""html"": ""<p>1 g of Mg is burnt in a closed vessel containing during electrolytic decomposition of 180 g of water?</p>""}, {""type"": ""image"", ""src"": ""https://bsbbyuaqibehvcbwugif.supabase.co/storage/v1/object/public/question-assets/chemistry/che_diag_6.png"", ""alt"": ""Figure/Table Diagram for CHE-BAS-0077""}]","[{""type"": ""text"", ""html"": ""<p>Detailed solution and NCERT reference for Chemistry: 1 g of Mg is burnt in a closed vessel containing during elec...</p>""}]",Medium,4,1,b,grid_2x2,2024,NEET Chemistry Bank,1 g of Mg is burnt in a closed vessel containing during electrolytic decomposition of 180 g of water?
3a681e4b-4978-4434-86eb-80010f22277f,CHE-BAS-0078,a0eebc99-9c0b-4ef8-bb6d-6bb9bd380a12,b0eebc99-9c0b-4ef8-bb6d-6bb9bd380b13,MCQ,"[{""type"": ""text"", ""html"": ""<p>How many grams of CaO are required to react with 852 g of P,O1o?</p>""}]","[{""type"": ""text"", ""html"": ""<p>Detailed solution and NCERT reference for Chemistry: How many grams of CaO are required to react with 852 g of P,...</p>""}]",Easy,4,1,c,grid_2x2,2024,NEET Chemistry Bank,"How many grams of CaO are required to react with 852 g of P,O1o?"
376e311b-560d-43bf-a42e-b3dcda0134d9,CHE-BAS-0079,a0eebc99-9c0b-4ef8-bb6d-6bb9bd380a12,b0eebc99-9c0b-4ef8-bb6d-6bb9bd380b13,MCQ,"[{""type"": ""text"", ""html"": ""<p>What volume of dioxygen is required for complete</p>""}]","[{""type"": ""text"", ""html"": ""<p>Detailed solution and NCERT reference for Chemistry: What volume of dioxygen is required for complete...</p>""}]",Medium,4,1,d,grid_2x2,2024,NEET Chemistry Bank,What volume of dioxygen is required for complete
e9cbd60f-ebbd-4055-88a3-39bae6cd1470,CHE-BAS-0080,a0eebc99-9c0b-4ef8-bb6d-6bb9bd380a12,b0eebc99-9c0b-4ef8-bb6d-6bb9bd380b13,MCQ,"[{""type"": ""text"", ""html"": ""<p>What quantity of copper oxide will react with</p>""}]","[{""type"": ""text"", ""html"": ""<p>Detailed solution and NCERT reference for Chemistry: What quantity of copper oxide will react with...</p>""}]",Hard,4,1,a,grid_2x2,2024,NEET Chemistry Bank,What quantity of copper oxide will react with
32c7ea48-2a17-40ec-89d2-a97f003eb51f,CHE-BAS-0081,a0eebc99-9c0b-4ef8-bb6d-6bb9bd380a12,b0eebc99-9c0b-4ef8-bb6d-6bb9bd380b13,MCQ,"[{""type"": ""text"", ""html"": ""<p>In a reaction container, 100 g of hydrogen and 2g</p>""}]","[{""type"": ""text"", ""html"": ""<p>Detailed solution and NCERT reference for Chemistry: In a reaction container, 100 g of hydrogen and 2g...</p>""}]",Easy,4,1,b,grid_2x2,2024,NEET Chemistry Bank,"In a reaction container, 100 g of hydrogen and 2g"
f2e25814-b816-4bb1-a970-b571c9e31ddb,CHE-BAS-0082,a0eebc99-9c0b-4ef8-bb6d-6bb9bd380a12,b0eebc99-9c0b-4ef8-bb6d-6bb9bd380b13,MCQ,"[{""type"": ""text"", ""html"": ""<p>4g (Page 20)</p>""}]","[{""type"": ""text"", ""html"": ""<p>Detailed solution and NCERT reference for Chemistry: 4g (Page 20)...</p>""}]",Medium,4,1,c,grid_2x2,2024,NEET Chemistry Bank,4g (Page 20)
b6e2a098-a6b5-4352-835b-610c8e19966e,CHE-BAS-0083,a0eebc99-9c0b-4ef8-bb6d-6bb9bd380a12,b0eebc99-9c0b-4ef8-bb6d-6bb9bd380b13,MCQ,"[{""type"": ""text"", ""html"": ""<p>At NTP, 1 L of O, reacts with 3 L of carbon monoxide. What will be the volume of CO and CO, after the reaction?</p>""}]","[{""type"": ""text"", ""html"": ""<p>Detailed solution and NCERT reference for Chemistry: At NTP, 1 L of O, reacts with 3 L of carbon monoxide. What w...</p>""}]",Medium,4,1,d,grid_2x2,2024,NEET Chemistry Bank,"At NTP, 1 L of O, reacts with 3 L of carbon monoxide. What will be the volume of CO and CO, after the reaction?"
7a05284d-171f-46b5-b62c-c5852944104d,CHE-BAS-0084,a0eebc99-9c0b-4ef8-bb6d-6bb9bd380a12,b0eebc99-9c0b-4ef8-bb6d-6bb9bd380b13,MCQ,"[{""type"": ""text"", ""html"": ""<p>Calcium carbonate decomposes on heating to give calcium oxide and carbon dioxide. How much volume of CO, will be obtained by thermal</p>""}, {""type"": ""image"", ""src"": ""https://bsbbyuaqibehvcbwugif.supabase.co/storage/v1/object/public/question-assets/chemistry/che_table_7.png"", ""alt"": ""Figure/Table Diagram for CHE-BAS-0084""}]","[{""type"": ""text"", ""html"": ""<p>Detailed solution and NCERT reference for Chemistry: Calcium carbonate decomposes on heating to give calcium oxid...</p>""}]",Easy,4,1,a,grid_2x2,2024,NEET Chemistry Bank,"Calcium carbonate decomposes on heating to give calcium oxide and carbon dioxide. How much volume of CO, will be obtained by thermal"
6b1fbcaa-be5e-4c79-82ae-fe9a4d320e26,CHE-BAS-0085,a0eebc99-9c0b-4ef8-bb6d-6bb9bd380a12,b0eebc99-9c0b-4ef8-bb6d-6bb9bd380b13,MCQ,"[{""type"": ""text"", ""html"": ""<p>1f 40 g of $\\text{CaCO}_3$ is treated with 40g of HCI, which decomposition of 50 g of $\\text{CaCO}_3$?</p>""}]","[{""type"": ""text"", ""html"": ""<p>Detailed solution and NCERT reference for Chemistry: 1f 40 g of $\\text{CaCO}_3$ is treated with 40g of HCI, which...</p>""}]",Hard,4,1,b,grid_2x2,2024,NEET Chemistry Bank,"1f 40 g of $\text{CaCO}_3$ is treated with 40g of HCI, which decomposition of 50 g of $\text{CaCO}_3$?"
8281e0e2-f72e-4351-a5ae-37f49b7c7f33,CHE-BAS-0086,a0eebc99-9c0b-4ef8-bb6d-6bb9bd380a12,b0eebc99-9c0b-4ef8-bb6d-6bb9bd380b13,MCQ,"[{""type"": ""text"", ""html"": ""<p>5 g of $\\text{O}_2$. Which reactant is limiting reagent and how much of the excess reactant will be left?</p>""}]","[{""type"": ""text"", ""html"": ""<p>Detailed solution and NCERT reference for Chemistry: 5 g of $\\text{O}_2$. Which reactant is limiting reagent and ...</p>""}]",Medium,4,1,c,grid_2x2,2024,NEET Chemistry Bank,5 g of $\text{O}_2$. Which reactant is limiting reagent and how much of the excess reactant will be left?
cb984d19-8b40-4d2e-a70a-dcee00b8eb42,CHE-BAS-0087,a0eebc99-9c0b-4ef8-bb6d-6bb9bd380a12,b0eebc99-9c0b-4ef8-bb6d-6bb9bd380b13,MCQ,"[{""type"": ""text"", ""html"": ""<p>II I and Il have definite volume but III does not have this property.</p>""}]","[{""type"": ""text"", ""html"": ""<p>Detailed solution and NCERT reference for Chemistry: II I and Il have definite volume but III does not have this ...</p>""}]",Easy,4,1,d,grid_2x2,2024,NEET Chemistry Bank,II I and Il have definite volume but III does not have this property.
46dabcf3-8c4f-4772-8013-c59b982b7713,CHE-BAS-0088,a0eebc99-9c0b-4ef8-bb6d-6bb9bd380a12,b0eebc99-9c0b-4ef8-bb6d-6bb9bd380b13,MCQ,"[{""type"": ""text"", ""html"": ""<p>Which of the following is a derived unit?</p>""}]","[{""type"": ""text"", ""html"": ""<p>Detailed solution and NCERT reference for Chemistry: Which of the following is a derived unit?...</p>""}]",Medium,4,1,a,grid_2x2,2024,NEET Chemistry Bank,Which of the following is a derived unit?
8642f960-3321-47fe-a531-c61c9d068469,CHE-BAS-0089,a0eebc99-9c0b-4ef8-bb6d-6bb9bd380a12,b0eebc99-9c0b-4ef8-bb6d-6bb9bd380b13,MCQ,"[{""type"": ""text"", ""html"": ""<p>Few quantities with their units are listed below. Markthe units which arenot correctly matched. Density: kgm (ii) Velocity of light : m s1 (iii) Planck's constant : J (iv) Acceleration : m s (v) Force : kg m</p>""}]","[{""type"": ""text"", ""html"": ""<p>Detailed solution and NCERT reference for Chemistry: Few quantities with their units are listed below. Markthe un...</p>""}]",Medium,4,1,b,grid_2x2,2024,NEET Chemistry Bank,Few quantities with their units are listed below. Markthe units which arenot correctly matched. Density: kgm (ii) Velocity of light : m s1 (iii) Planck's constant : J (iv) Acceleration : m s (v) Force : kg m
9ea49110-5ee6-42dd-99d4-53c9310031eb,CHE-BAS-0090,a0eebc99-9c0b-4ef8-bb6d-6bb9bd380a12,b0eebc99-9c0b-4ef8-bb6d-6bb9bd380b13,MCQ,"[{""type"": ""text"", ""html"": ""<p>Mark the incorrect one.</p>""}, {""type"": ""image"", ""src"": ""https://bsbbyuaqibehvcbwugif.supabase.co/storage/v1/object/public/question-assets/chemistry/che_diag_7.png"", ""alt"": ""Figure/Table Diagram for CHE-BAS-0090""}]","[{""type"": ""text"", ""html"": ""<p>Detailed solution and NCERT reference for Chemistry: Mark the incorrect one....</p>""}]",Easy,4,1,c,grid_2x2,2024,NEET Chemistry Bank,Mark the incorrect one.
635aa59a-e906-4a4d-b017-2971e472034c,CHE-BAS-0091,a0eebc99-9c0b-4ef8-bb6d-6bb9bd380a12,b0eebc99-9c0b-4ef8-bb6d-6bb9bd380b13,MCQ,"[{""type"": ""text"", ""html"": ""<p>Mark the rule which is not correctly stated about the determination of significant figures.</p>""}]","[{""type"": ""text"", ""html"": ""<p>Detailed solution and NCERT reference for Chemistry: Mark the rule which is not correctly stated about the determ...</p>""}]",Medium,4,1,d,grid_2x2,2024,NEET Chemistry Bank,Mark the rule which is not correctly stated about the determination of significant figures.
13df5cf6-64d1-4899-82cb-ca11fb6969ae,CHE-BAS-0092,a0eebc99-9c0b-4ef8-bb6d-6bb9bd380a12,b0eebc99-9c0b-4ef8-bb6d-6bb9bd380b13,MCQ,"[{""type"": ""text"", ""html"": ""<p>Which of the following statements indicates that law of multiple proportions is being followed?</p>""}]","[{""type"": ""text"", ""html"": ""<p>Detailed solution and NCERT reference for Chemistry: Which of the following statements indicates that law of mult...</p>""}]",Medium,4,1,a,grid_2x2,2024,NEET Chemistry Bank,Which of the following statements indicates that law of multiple proportions is being followed?
54fd73fa-d4b4-429c-be8b-fa583e86346d,CHE-BAS-0093,a0eebc99-9c0b-4ef8-bb6d-6bb9bd380a12,b0eebc99-9c0b-4ef8-bb6d-6bb9bd380b13,MCQ,"[{""type"": ""text"", ""html"": ""<p>to the amount of magnesium in magnesium oxide formed.</p>""}]","[{""type"": ""text"", ""html"": ""<p>Detailed solution and NCERT reference for Chemistry: to the amount of magnesium in magnesium oxide formed....</p>""}]",Easy,4,1,b,grid_2x2,2024,NEET Chemistry Bank,to the amount of magnesium in magnesium oxide formed.
6789bfc2-f69c-4e20-ae15-c01de8e9f0d7,CHE-BAS-0094,a0eebc99-9c0b-4ef8-bb6d-6bb9bd380a12,b0eebc99-9c0b-4ef8-bb6d-6bb9bd380b13,MCQ,"[{""type"": ""text"", ""html"": ""<p>Assertion : Solids have definite volume and shape. Reason : In solids, the constituent particles are very close to each other and there is not much freedom of movement.</p>""}]","[{""type"": ""text"", ""html"": ""<p>Detailed solution and NCERT reference for Chemistry: Assertion : Solids have definite volume and shape. Reason : ...</p>""}]",Medium,4,1,c,grid_2x2,2024,NEET Chemistry Bank,"Assertion : Solids have definite volume and shape. Reason : In solids, the constituent particles are very close to each other and there is not much freedom of movement."
6ee5edf8-96ff-4718-911e-2cf914330241,CHE-BAS-0095,a0eebc99-9c0b-4ef8-bb6d-6bb9bd380a12,b0eebc99-9c0b-4ef8-bb6d-6bb9bd380b13,MCQ,"[{""type"": ""text"", ""html"": ""<p>Assertion : The mass of a substance is constant whereas its weight may vary from one place to another. Reason : Mass of a substance is the amount of</p>""}]","[{""type"": ""text"", ""html"": ""<p>Detailed solution and NCERT reference for Chemistry: Assertion : The mass of a substance is constant whereas its ...</p>""}]",Hard,4,1,d,grid_2x2,2024,NEET Chemistry Bank,Assertion : The mass of a substance is constant whereas its weight may vary from one place to another. Reason : Mass of a substance is the amount of
401b194d-6ef4-4f0b-9b42-d4fc2eed727a,CHE-BAS-0096,a0eebc99-9c0b-4ef8-bb6d-6bb9bd380a12,b0eebc99-9c0b-4ef8-bb6d-6bb9bd380b13,MCQ,"[{""type"": ""text"", ""html"": ""<p>matter present in it while weight is the force exerted by gravity on an object.</p>""}]","[{""type"": ""text"", ""html"": ""<p>Detailed solution and NCERT reference for Chemistry: matter present in it while weight is the force exerted by gr...</p>""}]",Easy,4,1,a,grid_2x2,2024,NEET Chemistry Bank,matter present in it while weight is the force exerted by gravity on an object.
7f338ae3-1477-480c-b7ce-634c471c2996,CHE-BAS-0097,a0eebc99-9c0b-4ef8-bb6d-6bb9bd380a12,b0eebc99-9c0b-4ef8-bb6d-6bb9bd380b13,MCQ,"[{""type"": ""text"", ""html"": ""<p>Assertion : Temperature below 0 \u00b0C is possible in Celsius scale but in Kelvin scale, negative temperature is not possible.</p>""}, {""type"": ""image"", ""src"": ""https://bsbbyuaqibehvcbwugif.supabase.co/storage/v1/object/public/question-assets/chemistry/che_table_8.png"", ""alt"": ""Figure/Table Diagram for CHE-BAS-0097""}]","[{""type"": ""text"", ""html"": ""<p>Detailed solution and NCERT reference for Chemistry: Assertion : Temperature below 0 \u00b0C is possible in Celsius sc...</p>""}]",Medium,4,1,b,grid_2x2,2024,NEET Chemistry Bank,"Assertion : Temperature below 0 °C is possible in Celsius scale but in Kelvin scale, negative temperature is not possible."
68b6cabd-88a3-4402-a555-4865ece6a1f9,CHE-BAS-0098,a0eebc99-9c0b-4ef8-bb6d-6bb9bd380a12,b0eebc99-9c0b-4ef8-bb6d-6bb9bd380b13,MCQ,"[{""type"": ""text"", ""html"": ""<p>Reason : The Kelvin scale is related to Celsius scale as follows : K = \u00b0C - 273.15</p>""}]","[{""type"": ""text"", ""html"": ""<p>Detailed solution and NCERT reference for Chemistry: Reason : The Kelvin scale is related to Celsius scale as fol...</p>""}]",Medium,4,1,c,grid_2x2,2024,NEET Chemistry Bank,Reason : The Kelvin scale is related to Celsius scale as follows : K = °C - 273.15
31848194-1d22-4de9-a9ea-8e9f3acf428a,CHE-BAS-0099,a0eebc99-9c0b-4ef8-bb6d-6bb9bd380a12,b0eebc99-9c0b-4ef8-bb6d-6bb9bd380b13,MCQ,"[{""type"": ""text"", ""html"": ""<p>Assertion : Scientific notation for the number 100</p>""}]","[{""type"": ""text"", ""html"": ""<p>Detailed solution and NCERT reference for Chemistry: Assertion : Scientific notation for the number 100...</p>""}]",Easy,4,1,d,grid_2x2,2024,NEET Chemistry Bank,Assertion : Scientific notation for the number 100
8833794c-2ea4-4a2d-842b-b5d785cf64f0,CHE-BAS-0100,a0eebc99-9c0b-4ef8-bb6d-6bb9bd380a12,b0eebc99-9c0b-4ef8-bb6d-6bb9bd380b13,MCQ,"[{""type"": ""text"", ""html"": ""<p>is expressed as $1 \\times 10^{2}$. Reason : The number $1 \\times 10^{2}$ has two significant figures.</p>""}]","[{""type"": ""text"", ""html"": ""<p>Detailed solution and NCERT reference for Chemistry: is expressed as $1 \\times 10^{2}$. Reason : The number $1 \\t...</p>""}]",Hard,4,1,a,grid_2x2,2024,NEET Chemistry Bank,is expressed as $1 \times 10^{2}$. Reason : The number $1 \times 10^{2}$ has two significant figures.
18837572-650d-47d1-b703-4e0b76952ef6,CHE-BAS-0101,a0eebc99-9c0b-4ef8-bb6d-6bb9bd380a12,b0eebc99-9c0b-4ef8-bb6d-6bb9bd380b13,MCQ,"[{""type"": ""text"", ""html"": ""<p>Assertion : Matter can neither be created nor</p>""}]","[{""type"": ""text"", ""html"": ""<p>Detailed solution and NCERT reference for Chemistry: Assertion : Matter can neither be created nor...</p>""}]",Medium,4,1,b,grid_2x2,2024,NEET Chemistry Bank,Assertion : Matter can neither be created nor
4c91b8c3-2692-42cc-8125-a67999f6740c,CHE-BAS-0102,a0eebc99-9c0b-4ef8-bb6d-6bb9bd380a12,b0eebc99-9c0b-4ef8-bb6d-6bb9bd380b13,MCQ,"[{""type"": ""text"", ""html"": ""<p>destroyed. Reason : This is law of definite proportions.</p>""}]","[{""type"": ""text"", ""html"": ""<p>Detailed solution and NCERT reference for Chemistry: destroyed. Reason : This is law of definite proportions....</p>""}]",Easy,4,1,c,grid_2x2,2024,NEET Chemistry Bank,destroyed. Reason : This is law of definite proportions.
919cb64a-f09e-480e-bc86-00534c1e727b,CHE-BAS-0103,a0eebc99-9c0b-4ef8-bb6d-6bb9bd380a12,b0eebc99-9c0b-4ef8-bb6d-6bb9bd380b13,MCQ,"[{""type"": ""text"", ""html"": ""<p>Assertion : 12 parts by mass of carbon in CO and CO, molecules combine with 16 and 32 parts by mass of oxygen.</p>""}, {""type"": ""image"", ""src"": ""https://bsbbyuaqibehvcbwugif.supabase.co/storage/v1/object/public/question-assets/chemistry/che_diag_8.png"", ""alt"": ""Figure/Table Diagram for CHE-BAS-0103""}]","[{""type"": ""text"", ""html"": ""<p>Detailed solution and NCERT reference for Chemistry: Assertion : 12 parts by mass of carbon in CO and CO, molecul...</p>""}]",Medium,4,1,d,grid_2x2,2024,NEET Chemistry Bank,"Assertion : 12 parts by mass of carbon in CO and CO, molecules combine with 16 and 32 parts by mass of oxygen."
075dad4e-c7b5-4c59-a5b8-d6e7dd7b7dce,CHE-BAS-0104,a0eebc99-9c0b-4ef8-bb6d-6bb9bd380a12,b0eebc99-9c0b-4ef8-bb6d-6bb9bd380b13,MCQ,"[{""type"": ""text"", ""html"": ""<p>Reason : A given compound always contains exactly the same proportion of elements by weight.</p>""}]","[{""type"": ""text"", ""html"": ""<p>Detailed solution and NCERT reference for Chemistry: Reason : A given compound always contains exactly the same p...</p>""}]",Medium,4,1,a,grid_2x2,2024,NEET Chemistry Bank,Reason : A given compound always contains exactly the same proportion of elements by weight.
ea79c543-2094-4e65-a9fe-c2289b975804,CHE-BAS-0105,a0eebc99-9c0b-4ef8-bb6d-6bb9bd380a12,b0eebc99-9c0b-4ef8-bb6d-6bb9bd380b13,MCQ,"[{""type"": ""text"", ""html"": ""<p>Assertion: One atomic mass unit is defined as one twelfth of the mass of one carbon-12 atom. Reason: Carbon-12 isotope is the most abundant isotope of carbon and has been chosen as standard.</p>""}]","[{""type"": ""text"", ""html"": ""<p>Detailed solution and NCERT reference for Chemistry: Assertion: One atomic mass unit is defined as one twelfth of...</p>""}]",Easy,4,1,b,grid_2x2,2024,NEET Chemistry Bank,Assertion: One atomic mass unit is defined as one twelfth of the mass of one carbon-12 atom. Reason: Carbon-12 isotope is the most abundant isotope of carbon and has been chosen as standard.
16f8fba1-812a-4ffd-bfb9-cc74678caa9e,CHE-BAS-0106,a0eebc99-9c0b-4ef8-bb6d-6bb9bd380a12,b0eebc99-9c0b-4ef8-bb6d-6bb9bd380b13,MCQ,"[{""type"": ""text"", ""html"": ""<p>Assertion: One mole of a substance always contain the same number of entities, no matter what the substance may be. Reason : One mole is the amount of a substance that contains as many particles or entities as there are atoms in exactly 12 g of the \""C isotope.</p>""}]","[{""type"": ""text"", ""html"": ""<p>Detailed solution and NCERT reference for Chemistry: Assertion: One mole of a substance always contain the same n...</p>""}]",Medium,4,1,c,grid_2x2,2024,NEET Chemistry Bank,"Assertion: One mole of a substance always contain the same number of entities, no matter what the substance may be. Reason : One mole is the amount of a substance that contains as many particles or entities as there are atoms in exactly 12 g of the ""C isotope."
01af3256-c83f-4015-ac21-be59d05cbc9e,CHE-BAS-0107,a0eebc99-9c0b-4ef8-bb6d-6bb9bd380a12,b0eebc99-9c0b-4ef8-bb6d-6bb9bd380b13,MCQ,"[{""type"": ""text"", ""html"": ""<p>Assertion : The reactant which is present in larger amount limits the amount of product formed is called limiting reagent. Reason : Amount of product formed does not depend upon the amount of reactants taken.</p>""}]","[{""type"": ""text"", ""html"": ""<p>Detailed solution and NCERT reference for Chemistry: Assertion : The reactant which is present in larger amount l...</p>""}]",Medium,4,1,d,grid_2x2,2024,NEET Chemistry Bank,Assertion : The reactant which is present in larger amount limits the amount of product formed is called limiting reagent. Reason : Amount of product formed does not depend upon the amount of reactants taken.
8245f975-f2ab-428b-ae08-373f68bb09cd,CHE-BAS-0108,a0eebc99-9c0b-4ef8-bb6d-6bb9bd380a12,b0eebc99-9c0b-4ef8-bb6d-6bb9bd380b13,MCQ,"[{""type"": ""text"", ""html"": ""<p>Assertion : The mass of one mole of a substance in grams is called its molar mass. Reason : One mole of water molecules is equal to Statement Based Questions Directions : Each of the given questions contains two statements, Statement-l and Statement-ll. In the light of the given statements, select the correct answer from the options given below.</p>""}]","[{""type"": ""text"", ""html"": ""<p>Detailed solution and NCERT reference for Chemistry: Assertion : The mass of one mole of a substance in grams is ...</p>""}]",Easy,4,1,a,grid_2x2,2024,NEET Chemistry Bank,"Assertion : The mass of one mole of a substance in grams is called its molar mass. Reason : One mole of water molecules is equal to Statement Based Questions Directions : Each of the given questions contains two statements, Statement-l and Statement-ll. In the light of the given statements, select the correct answer from the options given below."
0a2a28e0-4427-4995-9f5e-24ca6c0b28d9,CHE-BAS-0109,a0eebc99-9c0b-4ef8-bb6d-6bb9bd380a12,b0eebc99-9c0b-4ef8-bb6d-6bb9bd380b13,MCQ,"[{""type"": ""text"", ""html"": ""<p>Statement I: 1 mole O, and N, have same volume at same temperature and pressure. Statement II : 1 mole gas at NTP occupies 22.4 litre volume at STP. Statement-I : If 30 mL of H, and 20 mL of O, react to form water, 5 mL of H, is left at the end of the reaction. Statement-Il : In the above reaction, H, is the limiting reagent.</p>""}]","[{""type"": ""text"", ""html"": ""<p>Detailed solution and NCERT reference for Chemistry: Statement I: 1 mole O, and N, have same volume at same tempe...</p>""}]",Medium,4,1,b,grid_2x2,2024,NEET Chemistry Bank,"Statement I: 1 mole O, and N, have same volume at same temperature and pressure. Statement II : 1 mole gas at NTP occupies 22.4 litre volume at STP. Statement-I : If 30 mL of H, and 20 mL of O, react to form water, 5 mL of H, is left at the end of the reaction. Statement-Il : In the above reaction, H, is the limiting reagent."
704dae41-a26c-4084-95be-98bf4c78f8b0,CHE-BAS-0110,a0eebc99-9c0b-4ef8-bb6d-6bb9bd380a12,b0eebc99-9c0b-4ef8-bb6d-6bb9bd380b13,MCQ,"[{""type"": ""text"", ""html"": ""<p>Statement-l : On heating, a solid usually changes to a liquid and the liquid on further heating changes to the gaseous state. Statement-Il : Arrangement of constituent particles is different in solid, liquid and gaseous state. Statement-I : Components of a heterogeneous mixture</p>""}, {""type"": ""image"", ""src"": ""https://bsbbyuaqibehvcbwugif.supabase.co/storage/v1/object/public/question-assets/chemistry/che_table_9.png"", ""alt"": ""Figure/Table Diagram for CHE-BAS-0110""}]","[{""type"": ""text"", ""html"": ""<p>Detailed solution and NCERT reference for Chemistry: Statement-l : On heating, a solid usually changes to a liqui...</p>""}]",Hard,4,1,c,grid_2x2,2024,NEET Chemistry Bank,"Statement-l : On heating, a solid usually changes to a liquid and the liquid on further heating changes to the gaseous state. Statement-Il : Arrangement of constituent particles is different in solid, liquid and gaseous state. Statement-I : Components of a heterogeneous mixture"
b640bcc4-5a6b-4f1c-a90e-3c64f223eae8,CHE-BAS-0111,a0eebc99-9c0b-4ef8-bb6d-6bb9bd380a12,b0eebc99-9c0b-4ef8-bb6d-6bb9bd380b13,MCQ,"[{""type"": ""text"", ""html"": ""<p>cannot be separated by using physical methods. homogeneous Statement-Il : Composition mixture is uniform throughout as the components react to form a single compound. Statement-I : Molarity of a solution does not depend</p>""}]","[{""type"": ""text"", ""html"": ""<p>Detailed solution and NCERT reference for Chemistry: cannot be separated by using physical methods. homogeneous S...</p>""}]",Easy,4,1,d,grid_2x2,2024,NEET Chemistry Bank,cannot be separated by using physical methods. homogeneous Statement-Il : Composition mixture is uniform throughout as the components react to form a single compound. Statement-I : Molarity of a solution does not depend
37e86817-6b0c-40bf-b3d8-22aa8e4c55be,CHE-BAS-0112,a0eebc99-9c0b-4ef8-bb6d-6bb9bd380a12,b0eebc99-9c0b-4ef8-bb6d-6bb9bd380b13,MCQ,"[{""type"": ""text"", ""html"": ""<p>upon temperature whereas molality depends. Statement-Il : Molarity and molality both depend only on the number of moles of solute particles.</p>""}]","[{""type"": ""text"", ""html"": ""<p>Detailed solution and NCERT reference for Chemistry: upon temperature whereas molality depends. Statement-Il : Mo...</p>""}]",Medium,4,1,a,grid_2x2,2024,NEET Chemistry Bank,upon temperature whereas molality depends. Statement-Il : Molarity and molality both depend only on the number of moles of solute particles.
b29bd98e-580a-4358-b866-e8859ccfba74,CHE-BAS-0113,a0eebc99-9c0b-4ef8-bb6d-6bb9bd380a12,b0eebc99-9c0b-4ef8-bb6d-6bb9bd380b13,MCQ,"[{""type"": ""text"", ""html"": ""<p>Statement-l: Elements and compounds are the examples of pure substances. Statement-Il : The properties of a compound are different from those of its constituent elements.</p>""}]","[{""type"": ""text"", ""html"": ""<p>Detailed solution and NCERT reference for Chemistry: Statement-l: Elements and compounds are the examples of pure...</p>""}]",Medium,4,1,b,grid_2x2,2024,NEET Chemistry Bank,Statement-l: Elements and compounds are the examples of pure substances. Statement-Il : The properties of a compound are different from those of its constituent elements.
281eb58d-15a5-4917-a8c0-7c11c4fecd38,CHE-BAS-0114,a0eebc99-9c0b-4ef8-bb6d-6bb9bd380a12,b0eebc99-9c0b-4ef8-bb6d-6bb9bd380b13,MCQ,"[{""type"": ""text"", ""html"": ""<p>Statement-I : Molecular formula shows the exact</p>""}]","[{""type"": ""text"", ""html"": ""<p>Detailed solution and NCERT reference for Chemistry: Statement-I : Molecular formula shows the exact...</p>""}]",Easy,4,1,c,grid_2x2,2024,NEET Chemistry Bank,Statement-I : Molecular formula shows the exact
951cccb6-9bac-4316-ad54-ac1d1aef1b71,CHE-BAS-0115,a0eebc99-9c0b-4ef8-bb6d-6bb9bd380a12,b0eebc99-9c0b-4ef8-bb6d-6bb9bd380b13,MCQ,"[{""type"": ""text"", ""html"": ""<p>number of different types of atoms present in a molecule of a compound. Statement-II : Molecular formula can be obtained directly from empirical formula which represents the simplest whole number ratio of various atoms present in a compound. Questions Matching Type</p>""}]","[{""type"": ""text"", ""html"": ""<p>Detailed solution and NCERT reference for Chemistry: number of different types of atoms present in a molecule of ...</p>""}]",Hard,4,1,d,grid_2x2,2024,NEET Chemistry Bank,number of different types of atoms present in a molecule of a compound. Statement-II : Molecular formula can be obtained directly from empirical formula which represents the simplest whole number ratio of various atoms present in a compound. Questions Matching Type
d4dcc648-ea35-49eb-9515-8cc5f9c5200f,CHE-BAS-0116,a0eebc99-9c0b-4ef8-bb6d-6bb9bd380a12,b0eebc99-9c0b-4ef8-bb6d-6bb9bd380b13,MCQ,"[{""type"": ""text"", ""html"": ""<p>Match the prefixes present in column-I with their multiples in column-Il and mark the appropriate choice. Column-I Column-II (Prefixes) (Multiples)</p>""}, {""type"": ""image"", ""src"": ""https://bsbbyuaqibehvcbwugif.supabase.co/storage/v1/object/public/question-assets/chemistry/che_diag_9.png"", ""alt"": ""Figure/Table Diagram for CHE-BAS-0116""}]","[{""type"": ""text"", ""html"": ""<p>Detailed solution and NCERT reference for Chemistry: Match the prefixes present in column-I with their multiples ...</p>""}]",Medium,4,1,a,grid_2x2,2024,NEET Chemistry Bank,Match the prefixes present in column-I with their multiples in column-Il and mark the appropriate choice. Column-I Column-II (Prefixes) (Multiples)
c004de18-85f3-402b-a7b9-19b669846279,CHE-BAS-0117,a0eebc99-9c0b-4ef8-bb6d-6bb9bd380a12,b0eebc99-9c0b-4ef8-bb6d-6bb9bd380b13,MCQ,"[{""type"": ""text"", ""html"": ""<p>Match column-I with column-Il and select the correct option. Column-l Column-Il (Number)</p>""}]","[{""type"": ""text"", ""html"": ""<p>Detailed solution and NCERT reference for Chemistry: Match column-I with column-Il and select the correct option....</p>""}]",Easy,4,1,b,grid_2x2,2024,NEET Chemistry Bank,Match column-I with column-Il and select the correct option. Column-l Column-Il (Number)
0e9c3ae8-b293-4659-a4f7-b3469c02a2f0,CHE-BAS-0118,a0eebc99-9c0b-4ef8-bb6d-6bb9bd380a12,b0eebc99-9c0b-4ef8-bb6d-6bb9bd380b13,MCQ,"[{""type"": ""text"", ""html"": ""<p>00 (iii)</p>""}]","[{""type"": ""text"", ""html"": ""<p>Detailed solution and NCERT reference for Chemistry: 00 (iii)...</p>""}]",Medium,4,1,c,grid_2x2,2024,NEET Chemistry Bank,00 (iii)
dda87dd7-9bd5-4ba4-bf3c-c477c512ed51,CHE-BAS-0119,a0eebc99-9c0b-4ef8-bb6d-6bb9bd380a12,b0eebc99-9c0b-4ef8-bb6d-6bb9bd380b13,MCQ,"[{""type"": ""text"", ""html"": ""<p>questions. (iv) 5</p>""}]","[{""type"": ""text"", ""html"": ""<p>Detailed solution and NCERT reference for Chemistry: questions. (iv) 5...</p>""}]",Medium,4,1,d,grid_2x2,2024,NEET Chemistry Bank,questions. (iv) 5
07919a4c-8a05-4ff2-b019-9a260891cf2f,CHE-BAS-0120,a0eebc99-9c0b-4ef8-bb6d-6bb9bd380a12,b0eebc99-9c0b-4ef8-bb6d-6bb9bd380b13,MCQ,"[{""type"": ""text"", ""html"": ""<p>Readthe given passages and answer the following</p>""}]","[{""type"": ""text"", ""html"": ""<p>Detailed solution and NCERT reference for Chemistry: Readthe given passages and answer the following...</p>""}]",Easy,4,1,a,grid_2x2,2024,NEET Chemistry Bank,Readthe given passages and answer the following
0156660d-0dcc-44d5-a887-49690d03e4a4,CHE-BAS-0121,a0eebc99-9c0b-4ef8-bb6d-6bb9bd380a12,b0eebc99-9c0b-4ef8-bb6d-6bb9bd380b13,MCQ,"[{""type"": ""text"", ""html"": ""<p>20 mL of acetic acid reacts with 20 mL of ethyl</p>""}]","[{""type"": ""text"", ""html"": ""<p>Detailed solution and NCERT reference for Chemistry: 20 mL of acetic acid reacts with 20 mL of ethyl...</p>""}]",Medium,4,1,b,grid_2x2,2024,NEET Chemistry Bank,20 mL of acetic acid reacts with 20 mL of ethyl
bd72b278-2d1e-4b9e-aa5d-a5fdabc7f3c5,CHE-BAS-0122,a0eebc99-9c0b-4ef8-bb6d-6bb9bd380a12,b0eebc99-9c0b-4ef8-bb6d-6bb9bd380b13,MCQ,"[{""type"": ""text"", ""html"": ""<p>Which of the following is the best example of law of conservation of mass?</p>""}]","[{""type"": ""text"", ""html"": ""<p>Detailed solution and NCERT reference for Chemistry: Which of the following is the best example of law of conserv...</p>""}]",Medium,4,1,c,grid_2x2,2024,NEET Chemistry Bank,Which of the following is the best example of law of conservation of mass?
6797a641-b94f-42e6-b72b-2fec36ff8c21,CHE-BAS-0123,a0eebc99-9c0b-4ef8-bb6d-6bb9bd380a12,b0eebc99-9c0b-4ef8-bb6d-6bb9bd380b13,MCQ,"[{""type"": ""text"", ""html"": ""<p>Which one of the following pairs of compounds illustrates the law of multiple proportions?</p>""}, {""type"": ""image"", ""src"": ""https://bsbbyuaqibehvcbwugif.supabase.co/storage/v1/object/public/question-assets/chemistry/che_table_10.png"", ""alt"": ""Figure/Table Diagram for CHE-BAS-0123""}]","[{""type"": ""text"", ""html"": ""<p>Detailed solution and NCERT reference for Chemistry: Which one of the following pairs of compounds illustrates th...</p>""}]",Easy,4,1,d,grid_2x2,2024,NEET Chemistry Bank,Which one of the following pairs of compounds illustrates the law of multiple proportions?
7faeaa55-407c-4a42-80db-57f911b3412e,CHE-BAS-0124,a0eebc99-9c0b-4ef8-bb6d-6bb9bd380a12,b0eebc99-9c0b-4ef8-bb6d-6bb9bd380b13,MCQ,"[{""type"": ""text"", ""html"": ""<p>22( and 30kg of H2() are mixed to</p>""}]","[{""type"": ""text"", ""html"": ""<p>Detailed solution and NCERT reference for Chemistry: 22( and 30kg of H2() are mixed to...</p>""}]",Medium,4,1,a,grid_2x2,2024,NEET Chemistry Bank,22( and 30kg of H2() are mixed to
5f2b5219-71c7-4610-8da6-60276bcc7bf2,CHE-BAS-0125,a0eebc99-9c0b-4ef8-bb6d-6bb9bd380a12,b0eebc99-9c0b-4ef8-bb6d-6bb9bd380b13,MCQ,"[{""type"": ""text"", ""html"": ""<p>produce NH3(s). The amount of NH3(g) formed is</p>""}]","[{""type"": ""text"", ""html"": ""<p>Detailed solution and NCERT reference for Chemistry: produce NH3(s). The amount of NH3(g) formed is...</p>""}]",Hard,4,1,b,grid_2x2,2024,NEET Chemistry Bank,produce NH3(s). The amount of NH3(g) formed is
5ab66ced-2f47-435d-aa1d-2816166e25a8,CHE-BAS-0126,a0eebc99-9c0b-4ef8-bb6d-6bb9bd380a12,b0eebc99-9c0b-4ef8-bb6d-6bb9bd380b13,MCQ,"[{""type"": ""text"", ""html"": ""<p>Hydrogen combines with oxygen to form H,0 in which 16 g of oxygen combine with 2 g of hydrogen. Hydrogen also combines with carbon to form CH4 in which 2 g of hydrogen combine with 6 g of carbon. If carbon and oxygen combine together, then they will do so in the ratio of</p>""}]","[{""type"": ""text"", ""html"": ""<p>Detailed solution and NCERT reference for Chemistry: Hydrogen combines with oxygen to form H,0 in which 16 g of o...</p>""}]",Easy,4,1,c,grid_2x2,2024,NEET Chemistry Bank,"Hydrogen combines with oxygen to form H,0 in which 16 g of oxygen combine with 2 g of hydrogen. Hydrogen also combines with carbon to form CH4 in which 2 g of hydrogen combine with 6 g of carbon. If carbon and oxygen combine together, then they will do so in the ratio of"
ae49390f-804c-4e7a-a04d-c2ea42fa8aa1,CHE-BAS-0127,a0eebc99-9c0b-4ef8-bb6d-6bb9bd380a12,b0eebc99-9c0b-4ef8-bb6d-6bb9bd380b13,MCQ,"[{""type"": ""text"", ""html"": ""<p>For a reaction, $\\text{N}_2$(g) + 3H2(g) 2NH3(g)* f1mles of oxygen combine with Al to form Al,O,, the mass of Al in g [atomic mass of Al = 27] used in the reaction is</p>""}]","[{""type"": ""text"", ""html"": ""<p>Detailed solution and NCERT reference for Chemistry: For a reaction, $\\text{N}_2$(g) + 3H2(g) 2NH3(g)* f1mles of ...</p>""}]",Medium,4,1,d,grid_2x2,2024,NEET Chemistry Bank,"For a reaction, $\text{N}_2$(g) + 3H2(g) 2NH3(g)* f1mles of oxygen combine with Al to form Al,O,, the mass of Al in g [atomic mass of Al = 27] used in the reaction is"
47bc7a46-726c-4ee2-a355-14d046a17c52,CHE-BAS-0128,a0eebc99-9c0b-4ef8-bb6d-6bb9bd380a12,b0eebc99-9c0b-4ef8-bb6d-6bb9bd380b13,MCQ,"[{""type"": ""text"", ""html"": ""<p>If 600 mL of a mixture of O, and O, weighs up first in the reaction is called the limiting reagent. A part of the other reactants which are present in</p>""}]","[{""type"": ""text"", ""html"": ""<p>Detailed solution and NCERT reference for Chemistry: If 600 mL of a mixture of O, and O, weighs up first in the r...</p>""}]",Medium,4,1,a,grid_2x2,2024,NEET Chemistry Bank,"If 600 mL of a mixture of O, and O, weighs up first in the reaction is called the limiting reagent. A part of the other reactants which are present in"
0fb9e3a0-f7b6-4209-aa31-235c9169dc4c,CHE-BAS-0129,a0eebc99-9c0b-4ef8-bb6d-6bb9bd380a12,b0eebc99-9c0b-4ef8-bb6d-6bb9bd380b13,MCQ,"[{""type"": ""text"", ""html"": ""<p>amounts greater than the stoichiometric amounts is left behind as unconsumed reagents. \""The mole is a concept of quantity in terms of number and mass, which relates the mass of a material to the number of atoms, ions or molecules in it.\"" The mole, as per definition accepted internationally, is defined as \""the amount of a substance which contains the same number of chemical units (atoms, molecules or ions) as there are atoms in exactly 12 grams of pure carbon-12\"" 12 g of carbon-12 is found to contain $6.022 \\times 10^{23}$ atoms of carbon-12. Thus, a mole represents a collection of 6.022 x 10 chemical units and the number is called the Avogadro's number. alcohol to form ethyl acetate. The density of acid and alcohol are 1 g/mL and 0.7 g/mL respectively. The limiting reagent in this reaction is</p>""}, {""type"": ""image"", ""src"": ""https://bsbbyuaqibehvcbwugif.supabase.co/storage/v1/object/public/question-assets/chemistry/che_diag_10.png"", ""alt"": ""Figure/Table Diagram for CHE-BAS-0129""}]","[{""type"": ""text"", ""html"": ""<p>Detailed solution and NCERT reference for Chemistry: amounts greater than the stoichiometric amounts is left behi...</p>""}]",Easy,4,1,b,grid_2x2,2024,NEET Chemistry Bank,"amounts greater than the stoichiometric amounts is left behind as unconsumed reagents. ""The mole is a concept of quantity in terms of number and mass, which relates the mass of a material to the number of atoms, ions or molecules in it."" The mole, as per definition accepted internationally, is defined as ""the amount of a substance which contains the same number of chemical units (atoms, molecules or ions) as there are atoms in exactly 12 grams of pure carbon-12"" 12 g of carbon-12 is found to contain $6.022 \times 10^{23}$ atoms of carbon-12. Thus, a mole represents a collection of 6.022 x 10 chemical units and the number is called the Avogadro's number. alcohol to form ethyl acetate. The density of acid and alcohol are 1 g/mL and 0.7 g/mL respectively. The limiting reagent in this reaction is"
61360791-23fa-40bc-ad64-b64277661335,CHE-BAS-0130,a0eebc99-9c0b-4ef8-bb6d-6bb9bd380a12,b0eebc99-9c0b-4ef8-bb6d-6bb9bd380b13,MCQ,"[{""type"": ""text"", ""html"": ""<p>0 mL of NO, at STP was liquefied, the density of . Calculate the volume the liquid being 1.15 g mL. and the number of molecules in the liquid NO2.</p>""}]","[{""type"": ""text"", ""html"": ""<p>Detailed solution and NCERT reference for Chemistry: 0 mL of NO, at STP was liquefied, the density of . Calculate...</p>""}]",Hard,4,1,c,grid_2x2,2024,NEET Chemistry Bank,"0 mL of NO, at STP was liquefied, the density of . Calculate the volume the liquid being 1.15 g mL. and the number of molecules in the liquid NO2."
768031b2-1d29-47d5-bb76-723aafb33fd7,CHE-BAS-0131,a0eebc99-9c0b-4ef8-bb6d-6bb9bd380a12,b0eebc99-9c0b-4ef8-bb6d-6bb9bd380b13,MCQ,"[{""type"": ""text"", ""html"": ""<p>The no. of moles of HCI that will be present in</p>""}]","[{""type"": ""text"", ""html"": ""<p>Detailed solution and NCERT reference for Chemistry: The no. of moles of HCI that will be present in...</p>""}]",Medium,4,1,d,grid_2x2,2024,NEET Chemistry Bank,The no. of moles of HCI that will be present in
2f94467c-336a-4741-9712-42350fd5a3f9,CHE-BAS-0132,a0eebc99-9c0b-4ef8-bb6d-6bb9bd380a12,b0eebc99-9c0b-4ef8-bb6d-6bb9bd380b13,MCQ,"[{""type"": ""text"", ""html"": ""<p>100 mL of a solution of specific gravity 1.08 containing 20% HCI by mass is -</p>""}]","[{""type"": ""text"", ""html"": ""<p>Detailed solution and NCERT reference for Chemistry: 100 mL of a solution of specific gravity 1.08 containing 20%...</p>""}]",Easy,4,1,a,grid_2x2,2024,NEET Chemistry Bank,100 mL of a solution of specific gravity 1.08 containing 20% HCI by mass is -
2db95b4d-0bb5-4893-922e-f970ac942a61,CHE-BAS-0133,a0eebc99-9c0b-4ef8-bb6d-6bb9bd380a12,b0eebc99-9c0b-4ef8-bb6d-6bb9bd380b13,MCQ,"[{""type"": ""text"", ""html"": ""<p>A metal weighing 0.43 g was dissolved in 50 mL</p>""}]","[{""type"": ""text"", ""html"": ""<p>Detailed solution and NCERT reference for Chemistry: A metal weighing 0.43 g was dissolved in 50 mL...</p>""}]",Medium,4,1,b,grid_2x2,2024,NEET Chemistry Bank,A metal weighing 0.43 g was dissolved in 50 mL
ec555962-e664-4e7e-89aa-6397f126fade,CHE-BAS-0134,a0eebc99-9c0b-4ef8-bb6d-6bb9bd380a12,b0eebc99-9c0b-4ef8-bb6d-6bb9bd380b13,MCQ,"[{""type"": ""text"", ""html"": ""<p>of 1 N H,SO,. The unreacted H,SO, required</p>""}]","[{""type"": ""text"", ""html"": ""<p>Detailed solution and NCERT reference for Chemistry: of 1 N H,SO,. The unreacted H,SO, required...</p>""}]",Medium,4,1,c,grid_2x2,2024,NEET Chemistry Bank,"of 1 N H,SO,. The unreacted H,SO, required"
5c71def2-6257-452e-98f7-717334821122,CHE-BAS-0135,a0eebc99-9c0b-4ef8-bb6d-6bb9bd380a12,b0eebc99-9c0b-4ef8-bb6d-6bb9bd380b13,MCQ,"[{""type"": ""text"", ""html"": ""<p>2 mL of 1 N NaOH for neutralization. The equivalent weight of the metal is Chlorine is prepared in laboratory by treating</p>""}]","[{""type"": ""text"", ""html"": ""<p>Detailed solution and NCERT reference for Chemistry: 2 mL of 1 N NaOH for neutralization. The equivalent weight o...</p>""}]",Easy,4,1,d,grid_2x2,2024,NEET Chemistry Bank,2 mL of 1 N NaOH for neutralization. The equivalent weight of the metal is Chlorine is prepared in laboratory by treating
8f29697a-d018-4503-a410-dc7e780e849c,CHE-BAS-0136,a0eebc99-9c0b-4ef8-bb6d-6bb9bd380a12,b0eebc99-9c0b-4ef8-bb6d-6bb9bd380b13,MCQ,"[{""type"": ""text"", ""html"": ""<p>manganese dioxide (MnO,) with aq. hydrochloric acid according to the reaction : 4HCl(aq) + MnO2(s) \u2192 2H,0(g) + MnC/2(ag)+ Ch2(g) The amount of HCI (in g) reacts with 5.0 g of manganese dioxide is (Atomic mass of Mn = 55 u, O = 16 u, H = 1 u, Cl = 35.5 u) If 1.0 g of magnesium is burnt in a closed container</p>""}, {""type"": ""image"", ""src"": ""https://bsbbyuaqibehvcbwugif.supabase.co/storage/v1/object/public/question-assets/chemistry/che_table_11.png"", ""alt"": ""Figure/Table Diagram for CHE-BAS-0136""}]","[{""type"": ""text"", ""html"": ""<p>Detailed solution and NCERT reference for Chemistry: manganese dioxide (MnO,) with aq. hydrochloric acid accordin...</p>""}]",Medium,4,1,a,grid_2x2,2024,NEET Chemistry Bank,"manganese dioxide (MnO,) with aq. hydrochloric acid according to the reaction : 4HCl(aq) + MnO2(s) → 2H,0(g) + MnC/2(ag)+ Ch2(g) The amount of HCI (in g) reacts with 5.0 g of manganese dioxide is (Atomic mass of Mn = 55 u, O = 16 u, H = 1 u, Cl = 35.5 u) If 1.0 g of magnesium is burnt in a closed container"
f3bd47e5-51ff-4f60-af8a-b75d1a834929,CHE-BAS-0137,a0eebc99-9c0b-4ef8-bb6d-6bb9bd380a12,b0eebc99-9c0b-4ef8-bb6d-6bb9bd380b13,MCQ,"[{""type"": ""text"", ""html"": ""<p>which contains 0.6 g of oxygen, then the mass of the</p>""}]","[{""type"": ""text"", ""html"": ""<p>Detailed solution and NCERT reference for Chemistry: which contains 0.6 g of oxygen, then the mass of the...</p>""}]",Medium,4,1,b,grid_2x2,2024,NEET Chemistry Bank,"which contains 0.6 g of oxygen, then the mass of the"
9b8a20ac-1ec9-4538-8080-1ebb27f28d4b,CHE-BAS-0138,a0eebc99-9c0b-4ef8-bb6d-6bb9bd380a12,b0eebc99-9c0b-4ef8-bb6d-6bb9bd380b13,MCQ,"[{""type"": ""text"", ""html"": ""<p>excess reactant (in g) will be _ Questions Figure Based</p>""}]","[{""type"": ""text"", ""html"": ""<p>Detailed solution and NCERT reference for Chemistry: excess reactant (in g) will be _ Questions Figure Based...</p>""}]",Easy,4,1,c,grid_2x2,2024,NEET Chemistry Bank,excess reactant (in g) will be _ Questions Figure Based
e93ad8ce-df2f-418c-8108-29c92f53ce16,CHE-BAS-0139,a0eebc99-9c0b-4ef8-bb6d-6bb9bd380a12,b0eebc99-9c0b-4ef8-bb6d-6bb9bd380b13,MCQ,"[{""type"": ""text"", ""html"": ""<p>The states of matter depending upon the interparticle distances are shown in the following diagram. a,b The conditions a, b, c, d are d</p>""}]","[{""type"": ""text"", ""html"": ""<p>Detailed solution and NCERT reference for Chemistry: The states of matter depending upon the interparticle distan...</p>""}]",Medium,4,1,d,grid_2x2,2024,NEET Chemistry Bank,"The states of matter depending upon the interparticle distances are shown in the following diagram. a,b The conditions a, b, c, d are d"
4581a364-e66f-40d6-82c1-535f84bca028,CHE-BAS-0140,a0eebc99-9c0b-4ef8-bb6d-6bb9bd380a12,b0eebc99-9c0b-4ef8-bb6d-6bb9bd380b13,MCQ,"[{""type"": ""text"", ""html"": ""<p>temperature pressure</p>""}]","[{""type"": ""text"", ""html"": ""<p>Detailed solution and NCERT reference for Chemistry: temperature pressure...</p>""}]",Hard,4,1,a,grid_2x2,2024,NEET Chemistry Bank,temperature pressure
54e1da58-a5cb-47e1-9dbe-ce0977520c23,CHE-BAS-0141,a0eebc99-9c0b-4ef8-bb6d-6bb9bd380a12,b0eebc99-9c0b-4ef8-bb6d-6bb9bd380b13,MCQ,"[{""type"": ""text"", ""html"": ""<p>Which of the following laws of chemical combinations is satisfied by the figure? HH 1 volume of 1 volume of hydrogen 1 volume of hydrogen oxygen 2 volumes of water vapour mtG NCERT at your Fingertips</p>""}]","[{""type"": ""text"", ""html"": ""<p>Detailed solution and NCERT reference for Chemistry: Which of the following laws of chemical combinations is sati...</p>""}]",Easy,4,1,b,grid_2x2,2024,NEET Chemistry Bank,Which of the following laws of chemical combinations is satisfied by the figure? HH 1 volume of 1 volume of hydrogen 1 volume of hydrogen oxygen 2 volumes of water vapour mtG NCERT at your Fingertips
556cc9ae-2332-43f4-bb7b-73647b823e4d,CHE-BAS-0142,a0eebc99-9c0b-4ef8-bb6d-6bb9bd380a12,b0eebc99-9c0b-4ef8-bb6d-6bb9bd380b13,MCQ,"[{""type"": ""text"", ""html"": ""<p>$022 \\times 10^{23}$</p>""}, {""type"": ""image"", ""src"": ""https://bsbbyuaqibehvcbwugif.supabase.co/storage/v1/object/public/question-assets/chemistry/che_diag_11.png"", ""alt"": ""Figure/Table Diagram for CHE-BAS-0142""}]","[{""type"": ""text"", ""html"": ""<p>Detailed solution and NCERT reference for Chemistry: $022 \\times 10^{23}$...</p>""}]",Medium,4,1,c,grid_2x2,2024,NEET Chemistry Bank,$022 \times 10^{23}$
bcbab807-01a4-4b6f-876e-6342887f7168,CHE-BAS-0143,a0eebc99-9c0b-4ef8-bb6d-6bb9bd380a12,b0eebc99-9c0b-4ef8-bb6d-6bb9bd380b13,MCQ,"[{""type"": ""text"", ""html"": ""<p>6\u00b0F 25\u00b0C Room 77\u00b0F + temperature \u2192 0\u00b0C Freezing point of water 32\u00b0F Celsius Fahrenheit celsius scale is The correct relationship between fahrenheit and</p>""}]","[{""type"": ""text"", ""html"": ""<p>Detailed solution and NCERT reference for Chemistry: 6\u00b0F 25\u00b0C Room 77\u00b0F + temperature \u2192 0\u00b0C Freezing point of wat...</p>""}]",Medium,4,1,d,grid_2x2,2024,NEET Chemistry Bank,6°F 25°C Room 77°F + temperature → 0°C Freezing point of water 32°F Celsius Fahrenheit celsius scale is The correct relationship between fahrenheit and
1ec6c4af-898a-4c5f-b518-31ba7898bebb,CHE-BAS-0144,a0eebc99-9c0b-4ef8-bb6d-6bb9bd380a12,b0eebc99-9c0b-4ef8-bb6d-6bb9bd380b13,MCQ,"[{""type"": ""text"", ""html"": ""<p>long time, the weight is decreased by 50%. Then the correct statement about percentage composition of MgCO, and that of $\\text{CaCO}_3$ in the mixture is/are</p>""}]","[{""type"": ""text"", ""html"": ""<p>Detailed solution and NCERT reference for Chemistry: long time, the weight is decreased by 50%. Then the correct ...</p>""}]",Easy,4,1,a,grid_2x2,2024,NEET Chemistry Bank,"long time, the weight is decreased by 50%. Then the correct statement about percentage composition of MgCO, and that of $\text{CaCO}_3$ in the mixture is/are"
109e63cf-bcfd-4d5d-b8da-a51b1cbd8ed8,CHE-BAS-0145,a0eebc99-9c0b-4ef8-bb6d-6bb9bd380a12,b0eebc99-9c0b-4ef8-bb6d-6bb9bd380b13,MCQ,"[{""type"": ""text"", ""html"": ""<p>Percentage of MgCO, in sample is 71.5%. II. Percentage of $\\text{CaCO}_3$ in sample is 28.5%. III. Percentage of MgCO, in sample is 84%. IV. Percentage of $\\text{CaCO}_3$ in sample is 16%.</p>""}]","[{""type"": ""text"", ""html"": ""<p>Detailed solution and NCERT reference for Chemistry: Percentage of MgCO, in sample is 71.5%. II. Percentage of $\\...</p>""}]",Hard,4,1,b,grid_2x2,2024,NEET Chemistry Bank,"Percentage of MgCO, in sample is 71.5%. II. Percentage of $\text{CaCO}_3$ in sample is 28.5%. III. Percentage of MgCO, in sample is 84%. IV. Percentage of $\text{CaCO}_3$ in sample is 16%."
c80f9820-94cc-4af8-8f6b-682793d4e793,CHE-BAS-0146,a0eebc99-9c0b-4ef8-bb6d-6bb9bd380a12,b0eebc99-9c0b-4ef8-bb6d-6bb9bd380b13,MCQ,"[{""type"": ""text"", ""html"": ""<p>The reaction 2C + $\\text{O}_2$ \u2192 2CO is carried out by taking 24 g of carbon and 96 g of Oz. Choose the correct option. A. Reactant left in excess is oxygen. B. 76 g of C should be taken to complete the reaction. C. 32 g of oxygen is left in excess. D. 2 moles of CO are formed. E. Carbon is the limiting reagent.</p>""}]","[{""type"": ""text"", ""html"": ""<p>Detailed solution and NCERT reference for Chemistry: The reaction 2C + $\\text{O}_2$ \u2192 2CO is carried out by takin...</p>""}]",Medium,4,1,c,grid_2x2,2024,NEET Chemistry Bank,The reaction 2C + $\text{O}_2$ → 2CO is carried out by taking 24 g of carbon and 96 g of Oz. Choose the correct option. A. Reactant left in excess is oxygen. B. 76 g of C should be taken to complete the reaction. C. 32 g of oxygen is left in excess. D. 2 moles of CO are formed. E. Carbon is the limiting reagent.
e75de477-73d0-4a75-a3e1-c41ed7dc52e8,CHE-BAS-0147,a0eebc99-9c0b-4ef8-bb6d-6bb9bd380a12,b0eebc99-9c0b-4ef8-bb6d-6bb9bd380b13,MCQ,"[{""type"": ""text"", ""html"": ""<p>A mixture of 200 mmol of Ca(OH)2 and 4 g of sodium sulphate was dissolved in water and the volume was made up to 100 mL. The mass of</p>""}]","[{""type"": ""text"", ""html"": ""<p>Detailed solution and NCERT reference for Chemistry: A mixture of 200 mmol of Ca(OH)2 and 4 g of sodium sulphate ...</p>""}]",Easy,4,1,d,grid_2x2,2024,NEET Chemistry Bank,A mixture of 200 mmol of Ca(OH)2 and 4 g of sodium sulphate was dissolved in water and the volume was made up to 100 mL. The mass of
0fb0a61a-ce10-4a08-bddc-cff6c40304f7,CHE-BAS-0148,a0eebc99-9c0b-4ef8-bb6d-6bb9bd380a12,b0eebc99-9c0b-4ef8-bb6d-6bb9bd380b13,MCQ,"[{""type"": ""text"", ""html"": ""<p>calcium sulphate formed and the concentration of OH in resulting solution respectively, are</p>""}]","[{""type"": ""text"", ""html"": ""<p>Detailed solution and NCERT reference for Chemistry: calcium sulphate formed and the concentration of OH in resul...</p>""}]",Medium,4,1,a,grid_2x2,2024,NEET Chemistry Bank,"calcium sulphate formed and the concentration of OH in resulting solution respectively, are"
458b8cc8-d1ba-434b-99e9-7497d53100b1,CHE-BAS-0149,a0eebc99-9c0b-4ef8-bb6d-6bb9bd380a12,b0eebc99-9c0b-4ef8-bb6d-6bb9bd380b13,MCQ,"[{""type"": ""text"", ""html"": ""<p>The maximum amount of 02(g) consumed per gram of reactant is for the reaction (Given atomic mass : Fe = 56, O = 16, Mg = 24, P = 31, C = 12, H = 1)</p>""}, {""type"": ""image"", ""src"": ""https://bsbbyuaqibehvcbwugif.supabase.co/storage/v1/object/public/question-assets/chemistry/che_table_12.png"", ""alt"": ""Figure/Table Diagram for CHE-BAS-0149""}]","[{""type"": ""text"", ""html"": ""<p>Detailed solution and NCERT reference for Chemistry: The maximum amount of 02(g) consumed per gram of reactant is...</p>""}]",Medium,4,1,b,grid_2x2,2024,NEET Chemistry Bank,"The maximum amount of 02(g) consumed per gram of reactant is for the reaction (Given atomic mass : Fe = 56, O = 16, Mg = 24, P = 31, C = 12, H = 1)"
7d4fb732-9937-4b77-8c7e-f30acd7a56f6,CHE-BAS-0150,a0eebc99-9c0b-4ef8-bb6d-6bb9bd380a12,b0eebc99-9c0b-4ef8-bb6d-6bb9bd380b13,MCQ,"[{""type"": ""text"", ""html"": ""<p>( 4Fe(s) + 302(g) \u2192 2Fe,O3(s) (t2() \u2192 2MgO(s)</p>""}]","[{""type"": ""text"", ""html"": ""<p>Detailed solution and NCERT reference for Chemistry: ( 4Fe(s) + 302(g) \u2192 2Fe,O3(s) (t2() \u2192 2MgO(s)...</p>""}]",Easy,4,1,c,grid_2x2,2024,NEET Chemistry Bank,"( 4Fe(s) + 302(g) → 2Fe,O3(s) (t2() → 2MgO(s)"
5dfc865b-12a3-413f-99b8-efe8b457fcba,CHE-BAS-0151,a0eebc99-9c0b-4ef8-bb6d-6bb9bd380a12,b0eebc99-9c0b-4ef8-bb6d-6bb9bd380b13,MCQ,"[{""type"": ""text"", ""html"": ""<p>At 25\u00b0 C, consider the density of water is 1 g/L and that of propanol to be 0.925 g/L. What volume of propanol will have same number of molecules as present in 210 mL of water?</p>""}]","[{""type"": ""text"", ""html"": ""<p>Detailed solution and NCERT reference for Chemistry: At 25\u00b0 C, consider the density of water is 1 g/L and that of...</p>""}]",Medium,4,1,d,grid_2x2,2024,NEET Chemistry Bank,"At 25° C, consider the density of water is 1 g/L and that of propanol to be 0.925 g/L. What volume of propanol will have same number of molecules as present in 210 mL of water?"
68242edc-175b-4d8a-a94c-09bd526b33b7,CHE-BAS-0152,a0eebc99-9c0b-4ef8-bb6d-6bb9bd380a12,b0eebc99-9c0b-4ef8-bb6d-6bb9bd380b13,MCQ,"[{""type"": ""text"", ""html"": ""<p>/o g ot an optically active L-amino acid (A'</p>""}]","[{""type"": ""text"", ""html"": ""<p>Detailed solution and NCERT reference for Chemistry: /o g ot an optically active L-amino acid (A'...</p>""}]",Medium,4,1,a,grid_2x2,2024,NEET Chemistry Bank,/o g ot an optically active L-amino acid (A'
39d1d1f7-8547-4f9c-9f10-96059b4c1b19,CHE-BAS-0153,a0eebc99-9c0b-4ef8-bb6d-6bb9bd380a12,b0eebc99-9c0b-4ef8-bb6d-6bb9bd380b13,MCQ,"[{""type"": ""text"", ""html"": ""<p>Which of the following is correctly arranged in order of increasing weight?</p>""}]","[{""type"": ""text"", ""html"": ""<p>Detailed solution and NCERT reference for Chemistry: Which of the following is correctly arranged in order of inc...</p>""}]",Easy,4,1,b,grid_2x2,2024,NEET Chemistry Bank,Which of the following is correctly arranged in order of increasing weight?
d0a72ee6-a31e-4126-a319-cc18bca9be76,CHE-BAS-0154,a0eebc99-9c0b-4ef8-bb6d-6bb9bd380a12,b0eebc99-9c0b-4ef8-bb6d-6bb9bd380b13,MCQ,"[{""type"": ""text"", ""html"": ""<p>006 g atom of Ag < 0.0105 equivalent of H,C,0,2H,0</p>""}]","[{""type"": ""text"", ""html"": ""<p>Detailed solution and NCERT reference for Chemistry: 006 g atom of Ag < 0.0105 equivalent of H,C,0,2H,0...</p>""}]",Medium,4,1,c,grid_2x2,2024,NEET Chemistry Bank,"006 g atom of Ag < 0.0105 equivalent of H,C,0,2H,0"
5c074903-df34-457b-9f8d-4affc0797283,CHE-BAS-0155,a0eebc99-9c0b-4ef8-bb6d-6bb9bd380a12,b0eebc99-9c0b-4ef8-bb6d-6bb9bd380b13,MCQ,"[{""type"": ""text"", ""html"": ""<p>T. C. 22 g CO, 2 mol S. D. 100 g $\\text{CaCO}_3$ t. E. 52g He</p>""}, {""type"": ""image"", ""src"": ""https://bsbbyuaqibehvcbwugif.supabase.co/storage/v1/object/public/question-assets/chemistry/che_diag_12.png"", ""alt"": ""Figure/Table Diagram for CHE-BAS-0155""}]","[{""type"": ""text"", ""html"": ""<p>Detailed solution and NCERT reference for Chemistry: T. C. 22 g CO, 2 mol S. D. 100 g $\\text{CaCO}_3$ t. E. 52g H...</p>""}]",Hard,4,1,d,grid_2x2,2024,NEET Chemistry Bank,"T. C. 22 g CO, 2 mol S. D. 100 g $\text{CaCO}_3$ t. E. 52g He"
0af0cf4c-3b38-45ca-abd1-7dafbc50138b,CHE-BAS-0156,a0eebc99-9c0b-4ef8-bb6d-6bb9bd380a12,b0eebc99-9c0b-4ef8-bb6d-6bb9bd380b13,MCQ,"[{""type"": ""text"", ""html"": ""<p>The number of hydrogen atoms present in 5.4 g of urea is (Given : Molar mass of urea : 60 g mol, particles mol\"") NA: $6.022 \\times 10^{23}$</p>""}]","[{""type"": ""text"", ""html"": ""<p>Detailed solution and NCERT reference for Chemistry: The number of hydrogen atoms present in 5.4 g of urea is (Gi...</p>""}]",Easy,4,1,a,grid_2x2,2024,NEET Chemistry Bank,"The number of hydrogen atoms present in 5.4 g of urea is (Given : Molar mass of urea : 60 g mol, particles mol"") NA: $6.022 \times 10^{23}$"
c46b48ab-562d-489d-a420-fdec726e5acd,CHE-BAS-0157,a0eebc99-9c0b-4ef8-bb6d-6bb9bd380a12,b0eebc99-9c0b-4ef8-bb6d-6bb9bd380b13,MCQ,"[{""type"": ""text"", ""html"": ""<p>Aqueous HCI reacts with MnO2(s) to form MnCl2(aq) C2(g) and H,O(i). What is the weight (in g) of Cl2 liberated when 8.7 of MnO2(s) is reacted with excess aqueous HCI solution?</p>""}]","[{""type"": ""text"", ""html"": ""<p>Detailed solution and NCERT reference for Chemistry: Aqueous HCI reacts with MnO2(s) to form MnCl2(aq) C2(g) and ...</p>""}]",Medium,4,1,b,grid_2x2,2024,NEET Chemistry Bank,"Aqueous HCI reacts with MnO2(s) to form MnCl2(aq) C2(g) and H,O(i). What is the weight (in g) of Cl2 liberated when 8.7 of MnO2(s) is reacted with excess aqueous HCI solution?"
adcdc1f8-833e-4021-8f81-8d3433917685,CHE-BAS-0158,a0eebc99-9c0b-4ef8-bb6d-6bb9bd380a12,b0eebc99-9c0b-4ef8-bb6d-6bb9bd380b13,MCQ,"[{""type"": ""text"", ""html"": ""<p>(Given : Molar mass in g mol' : Mn = 55, Cl = 35.5, 0 = 16, H =1)</p>""}]","[{""type"": ""text"", ""html"": ""<p>Detailed solution and NCERT reference for Chemistry: (Given : Molar mass in g mol' : Mn = 55, Cl = 35.5, 0 = 16, ...</p>""}]",Medium,4,1,c,grid_2x2,2024,NEET Chemistry Bank,"(Given : Molar mass in g mol' : Mn = 55, Cl = 35.5, 0 = 16, H =1)"
38937713-df90-43c3-b851-5013ba6b8b3e,CHE-BAS-0159,a0eebc99-9c0b-4ef8-bb6d-6bb9bd380a12,b0eebc99-9c0b-4ef8-bb6d-6bb9bd380b13,MCQ,"[{""type"": ""text"", ""html"": ""<p>In the reaction, 2Al(g) + 6HCl(aq) \u2192 2AI**(ag) + 6Cl (ag) + 3H2(g)</p>""}]","[{""type"": ""text"", ""html"": ""<p>Detailed solution and NCERT reference for Chemistry: In the reaction, 2Al(g) + 6HCl(aq) \u2192 2AI**(ag) + 6Cl (ag) + ...</p>""}]",Easy,4,1,d,grid_2x2,2024,NEET Chemistry Bank,"In the reaction, 2Al(g) + 6HCl(aq) → 2AI**(ag) + 6Cl (ag) + 3H2(g)"
4541d1e0-926e-43d9-940f-2c361f18cf0a,CHE-BAS-0160,a0eebc99-9c0b-4ef8-bb6d-6bb9bd380a12,b0eebc99-9c0b-4ef8-bb6d-6bb9bd380b13,MCQ,"[{""type"": ""text"", ""html"": ""<p>of Al that reacts.</p>""}]","[{""type"": ""text"", ""html"": ""<p>Detailed solution and NCERT reference for Chemistry: of Al that reacts....</p>""}]",Hard,4,1,a,grid_2x2,2024,NEET Chemistry Bank,of Al that reacts.
4c0ce1c7-c522-4d21-8dd7-0de95602effa,CHE-BAS-0161,a0eebc99-9c0b-4ef8-bb6d-6bb9bd380a12,b0eebc99-9c0b-4ef8-bb6d-6bb9bd380b13,MCQ,"[{""type"": ""text"", ""html"": ""<p>(d11.2LH2(g) at STP is produced for every mole of HCI consumed. (JEE Main 2026)</p>""}]","[{""type"": ""text"", ""html"": ""<p>Detailed solution and NCERT reference for Chemistry: (d11.2LH2(g) at STP is produced for every mole of HCI consum...</p>""}]",Medium,4,1,b,grid_2x2,2024,NEET Chemistry Bank,(d11.2LH2(g) at STP is produced for every mole of HCI consumed. (JEE Main 2026)
26b74c03-e3a9-4c29-81c8-ab917e850aaa,CHE-BAS-0162,a0eebc99-9c0b-4ef8-bb6d-6bb9bd380a12,b0eebc99-9c0b-4ef8-bb6d-6bb9bd380b13,MCQ,"[{""type"": ""text"", ""html"": ""<p>A + 2B \u2192 AB,</p>""}, {""type"": ""image"", ""src"": ""https://bsbbyuaqibehvcbwugif.supabase.co/storage/v1/object/public/question-assets/chemistry/che_table_13.png"", ""alt"": ""Figure/Table Diagram for CHE-BAS-0162""}]","[{""type"": ""text"", ""html"": ""<p>Detailed solution and NCERT reference for Chemistry: A + 2B \u2192 AB,...</p>""}]",Easy,4,1,c,grid_2x2,2024,NEET Chemistry Bank,"A + 2B → AB,"
88a09e56-844e-4bd4-8a99-5e7dc46cd313,CHE-BAS-0163,a0eebc99-9c0b-4ef8-bb6d-6bb9bd380a12,b0eebc99-9c0b-4ef8-bb6d-6bb9bd380b13,MCQ,"[{""type"": ""text"", ""html"": ""<p>0g of A (molar mass : 60 g mol') and 56.0 g of B (molar mass : 80 g mol') are allowed to react. Which of the following statements are correct? A. A is the limiting reagent. B. C. Molar mass of AB, is 140g mol!</p>""}]","[{""type"": ""text"", ""html"": ""<p>Detailed solution and NCERT reference for Chemistry: 0g of A (molar mass : 60 g mol') and 56.0 g of B (molar mass...</p>""}]",Medium,4,1,d,grid_2x2,2024,NEET Chemistry Bank,"0g of A (molar mass : 60 g mol') and 56.0 g of B (molar mass : 80 g mol') are allowed to react. Which of the following statements are correct? A. A is the limiting reagent. B. C. Molar mass of AB, is 140g mol!"
246f87ad-69a5-467d-82fc-750e73697567,CHE-BAS-0164,a0eebc99-9c0b-4ef8-bb6d-6bb9bd380a12,b0eebc99-9c0b-4ef8-bb6d-6bb9bd380b13,MCQ,"[{""type"": ""text"", ""html"": ""<p>A compound X contains 32% of A, 20% of B and D. 15.0 g of A is left unreacted after the completion of reaction. below : Choose the correct answer from the options given</p>""}]","[{""type"": ""text"", ""html"": ""<p>Detailed solution and NCERT reference for Chemistry: A compound X contains 32% of A, 20% of B and D. 15.0 g of A ...</p>""}]",Medium,4,1,a,grid_2x2,2024,NEET Chemistry Bank,"A compound X contains 32% of A, 20% of B and D. 15.0 g of A is left unreacted after the completion of reaction. below : Choose the correct answer from the options given"
dd0d13fe-5d9a-452c-8aef-0a2defb1f0fe,CHE-BAS-0165,a0eebc99-9c0b-4ef8-bb6d-6bb9bd380a12,b0eebc99-9c0b-4ef8-bb6d-6bb9bd380b13,MCQ,"[{""type"": ""text"", ""html"": ""<p>1 gram of sodiumhydroxide was treated with</p>""}]","[{""type"": ""text"", ""html"": ""<p>Detailed solution and NCERT reference for Chemistry: 1 gram of sodiumhydroxide was treated with...</p>""}]",Easy,4,1,b,grid_2x2,2024,NEET Chemistry Bank,1 gram of sodiumhydroxide was treated with
3802e6e9-9758-4121-bbbe-c4dac963413c,CHE-BAS-0166,a0eebc99-9c0b-4ef8-bb6d-6bb9bd380a12,b0eebc99-9c0b-4ef8-bb6d-6bb9bd380b13,MCQ,"[{""type"": ""text"", ""html"": ""<p>(JEE Main 2026) number of atoms. Among the following, choose the ones with equal A.</p>""}]","[{""type"": ""text"", ""html"": ""<p>Detailed solution and NCERT reference for Chemistry: (JEE Main 2026) number of atoms. Among the following, choose...</p>""}]",Medium,4,1,c,grid_2x2,2024,NEET Chemistry Bank,"(JEE Main 2026) number of atoms. Among the following, choose the ones with equal A."
2f1dd505-4683-448b-928d-1f952a8000e1,CHE-BAS-0167,a0eebc99-9c0b-4ef8-bb6d-6bb9bd380a12,b0eebc99-9c0b-4ef8-bb6d-6bb9bd380b13,MCQ,"[{""type"": ""text"", ""html"": ""<p>B. 212 g of Na,CO3(s) molar mass = 106 g) C. 248 g of Na,O(s) [molar mass = 62 g) 240 g of NaOH() [molar mass = 40 g) 12 g of H2(g) [molar mass = 2 g) hydrogen and remainder is oxygen. If its molecular</p>""}]","[{""type"": ""text"", ""html"": ""<p>Detailed solution and NCERT reference for Chemistry: B. 212 g of Na,CO3(s) molar mass = 106 g) C. 248 g of Na,O(s...</p>""}]",Medium,4,1,d,grid_2x2,2024,NEET Chemistry Bank,"B. 212 g of Na,CO3(s) molar mass = 106 g) C. 248 g of Na,O(s) [molar mass = 62 g) 240 g of NaOH() [molar mass = 40 g) 12 g of H2(g) [molar mass = 2 g) hydrogen and remainder is oxygen. If its molecular"
d4626052-0058-4f94-88e0-e961e076f346,CHE-BAS-0168,a0eebc99-9c0b-4ef8-bb6d-6bb9bd380a12,b0eebc99-9c0b-4ef8-bb6d-6bb9bd380b13,MCQ,"[{""type"": ""text"", ""html"": ""<p>8x10-mol of CO, is left afterremoving 10? molecules from its 'x'mg sample. The mass of CO, taken initially is Given NA=6.02x 10mol</p>""}, {""type"": ""image"", ""src"": ""https://bsbbyuaqibehvcbwugif.supabase.co/storage/v1/object/public/question-assets/chemistry/che_diag_13.png"", ""alt"": ""Figure/Table Diagram for CHE-BAS-0168""}]","[{""type"": ""text"", ""html"": ""<p>Detailed solution and NCERT reference for Chemistry: 8x10-mol of CO, is left afterremoving 10? molecules from its...</p>""}]",Easy,4,1,a,grid_2x2,2024,NEET Chemistry Bank,"8x10-mol of CO, is left afterremoving 10? molecules from its 'x'mg sample. The mass of CO, taken initially is Given NA=6.02x 10mol"
182b81e0-a2f3-4c2e-85f6-23cea0dca764,CHE-BAS-0169,a0eebc99-9c0b-4ef8-bb6d-6bb9bd380a12,b0eebc99-9c0b-4ef8-bb6d-6bb9bd380b13,MCQ,"[{""type"": ""text"", ""html"": ""<p>7g (JEE Main 2025) formula of X is remaining percentage of C. Then, the empirica</p>""}]","[{""type"": ""text"", ""html"": ""<p>Detailed solution and NCERT reference for Chemistry: 7g (JEE Main 2025) formula of X is remaining percentage of C...</p>""}]",Medium,4,1,b,grid_2x2,2024,NEET Chemistry Bank,"7g (JEE Main 2025) formula of X is remaining percentage of C. Then, the empirica"
e6790099-7896-41e2-9210-2dbf643f201d,CHE-BAS-0170,a0eebc99-9c0b-4ef8-bb6d-6bb9bd380a12,b0eebc99-9c0b-4ef8-bb6d-6bb9bd380b13,MCQ,"[{""type"": ""text"", ""html"": ""<p>A sample of $\\text{CaCO}_3$ and MgCO, weighed 2.21 g</p>""}]","[{""type"": ""text"", ""html"": ""<p>Detailed solution and NCERT reference for Chemistry: A sample of $\\text{CaCO}_3$ and MgCO, weighed 2.21 g...</p>""}]",Hard,4,1,c,grid_2x2,2024,NEET Chemistry Bank,"A sample of $\text{CaCO}_3$ and MgCO, weighed 2.21 g"
741bbd6c-e8b5-44bf-b93b-fb95c3dc89c1,CHE-BAS-0171,a0eebc99-9c0b-4ef8-bb6d-6bb9bd380a12,b0eebc99-9c0b-4ef8-bb6d-6bb9bd380b13,MCQ,"[{""type"": ""text"", ""html"": ""<p>The volume of 0.02 M aqueous HBr required to is ignited to constant weight of 1.152 g. The composition of mixture is (Given molar mass in g mol $\\text{CaCO}_3$: 100, MgCO,: 84)</p>""}]","[{""type"": ""text"", ""html"": ""<p>Detailed solution and NCERT reference for Chemistry: The volume of 0.02 M aqueous HBr required to is ignited to c...</p>""}]",Easy,4,1,d,grid_2x2,2024,NEET Chemistry Bank,"The volume of 0.02 M aqueous HBr required to is ignited to constant weight of 1.152 g. The composition of mixture is (Given molar mass in g mol $\text{CaCO}_3$: 100, MgCO,: 84)"
dffd1143-957f-4b72-9d05-79362285dd78,CHE-BAS-0172,a0eebc99-9c0b-4ef8-bb6d-6bb9bd380a12,b0eebc99-9c0b-4ef8-bb6d-6bb9bd380b13,MCQ,"[{""type"": ""text"", ""html"": ""<p>A metal chloride contains 55.0 % of chlorine by (\u00e0) i.187 g $\\text{CaCO}_3$ + 1023 g MBCC\u1ec3 Main 2024) The right option for the mass of CO, produced by heating 20 g of 20% pure limestone is (Atomic mass of Ca = 40) [aCO, 1200k \u2192 CaO + $\\text{CO}_2$]</p>""}]","[{""type"": ""text"", ""html"": ""<p>Detailed solution and NCERT reference for Chemistry: A metal chloride contains 55.0 % of chlorine by (\u00e0) i.187 g ...</p>""}]",Medium,4,1,a,grid_2x2,2024,NEET Chemistry Bank,"A metal chloride contains 55.0 % of chlorine by (à) i.187 g $\text{CaCO}_3$ + 1023 g MBCCể Main 2024) The right option for the mass of CO, produced by heating 20 g of 20% pure limestone is (Atomic mass of Ca = 40) [aCO, 1200k → CaO + $\text{CO}_2$]"
06cf2f4d-b325-44a3-a565-ae6058187f23,CHE-BAS-0173,a0eebc99-9c0b-4ef8-bb6d-6bb9bd380a12,b0eebc99-9c0b-4ef8-bb6d-6bb9bd380b13,MCQ,"[{""type"": ""text"", ""html"": ""<p>Match List I with List II. List I List II I. Weighs 28 g A. 16 g of CH4(e) II. $60.2 \\times 10^{23}$ electrons B. 1 g of H2(g) III. Weighs 32 g C. 1 mole of $\\text{N}_2$(8) D. 0.5 mol of</p>""}]","[{""type"": ""text"", ""html"": ""<p>Detailed solution and NCERT reference for Chemistry: Match List I with List II. List I List II I. Weighs 28 g A. ...</p>""}]",Medium,4,1,b,grid_2x2,2024,NEET Chemistry Bank,Match List I with List II. List I List II I. Weighs 28 g A. 16 g of CH4(e) II. $60.2 \times 10^{23}$ electrons B. 1 g of H2(g) III. Weighs 32 g C. 1 mole of $\text{N}_2$(8) D. 0.5 mol of
a3283c78-14be-4b8a-80ad-c4bee5b73c25,CHE-BAS-0174,a0eebc99-9c0b-4ef8-bb6d-6bb9bd380a12,b0eebc99-9c0b-4ef8-bb6d-6bb9bd380b13,MCQ,"[{""type"": ""text"", ""html"": ""<p>IV. Occupies 11.4 L volume at STP SO2(g) Choose the correct answer from the options given below:</p>""}]","[{""type"": ""text"", ""html"": ""<p>Detailed solution and NCERT reference for Chemistry: IV. Occupies 11.4 L volume at STP SO2(g) Choose the correct ...</p>""}]",Easy,4,1,c,grid_2x2,2024,NEET Chemistry Bank,IV. Occupies 11.4 L volume at STP SO2(g) Choose the correct answer from the options given below:
18215adc-7709-494e-ba6d-798ffcac358b,CHE-BAS-0175,a0eebc99-9c0b-4ef8-bb6d-6bb9bd380a12,b0eebc99-9c0b-4ef8-bb6d-6bb9bd380b13,MCQ,"[{""type"": ""text"", ""html"": ""<p>neutralize 10.0 mL of 0.01 M aqueous Ba(OH), is (Assume complete neutralization.)</p>""}, {""type"": ""image"", ""src"": ""https://bsbbyuaqibehvcbwugif.supabase.co/storage/v1/object/public/question-assets/chemistry/che_table_14.png"", ""alt"": ""Figure/Table Diagram for CHE-BAS-0175""}]","[{""type"": ""text"", ""html"": ""<p>Detailed solution and NCERT reference for Chemistry: neutralize 10.0 mL of 0.01 M aqueous Ba(OH), is (Assume comp...</p>""}]",Hard,4,1,d,grid_2x2,2024,NEET Chemistry Bank,"neutralize 10.0 mL of 0.01 M aqueous Ba(OH), is (Assume complete neutralization.)"
99eb9b20-eb96-4270-9037-be21cda41164,CHE-BAS-0176,a0eebc99-9c0b-4ef8-bb6d-6bb9bd380a12,b0eebc99-9c0b-4ef8-bb6d-6bb9bd380b13,MCQ,"[{""type"": ""text"", ""html"": ""<p>200\u00b0F. What will this reading be on Celsius scale?</p>""}]","[{""type"": ""text"", ""html"": ""<p>Detailed solution and NCERT reference for Chemistry: 200\u00b0F. What will this reading be on Celsius scale?...</p>""}]",Medium,4,1,a,grid_2x2,2024,NEET Chemistry Bank,200°F. What will this reading be on Celsius scale?
85fbca2b-5c1c-421b-a4b7-d39d0d94652a,CHE-BAS-0177,a0eebc99-9c0b-4ef8-bb6d-6bb9bd380a12,b0eebc99-9c0b-4ef8-bb6d-6bb9bd380b13,MCQ,"[{""type"": ""text"", ""html"": ""<p>What will be the molarity of a solution, which contains 5.85 g of $\\text{NaCl}$() per 500 mL?</p>""}]","[{""type"": ""text"", ""html"": ""<p>Detailed solution and NCERT reference for Chemistry: What will be the molarity of a solution, which contains 5.85...</p>""}]",Easy,4,1,b,grid_2x2,2024,NEET Chemistry Bank,"What will be the molarity of a solution, which contains 5.85 g of $\text{NaCl}$() per 500 mL?"
13f66da9-6542-428a-b7a9-5ff9ae76fa6e,CHE-BAS-0178,a0eebc99-9c0b-4ef8-bb6d-6bb9bd380a12,b0eebc99-9c0b-4ef8-bb6d-6bb9bd380b13,MCQ,"[{""type"": ""text"", ""html"": ""<p>If 500 mL of a 5 M solution is diluted to 1500 ml, what will be the molarity of the solution obtained?</p>""}]","[{""type"": ""text"", ""html"": ""<p>Detailed solution and NCERT reference for Chemistry: If 500 mL of a 5 M solution is diluted to 1500 ml, what will...</p>""}]",Medium,4,1,c,grid_2x2,2024,NEET Chemistry Bank,"If 500 mL of a 5 M solution is diluted to 1500 ml, what will be the molarity of the solution obtained?"
f7ab7473-e734-483a-92fa-3a42a86e50d1,CHE-BAS-0179,a0eebc99-9c0b-4ef8-bb6d-6bb9bd380a12,b0eebc99-9c0b-4ef8-bb6d-6bb9bd380b13,MCQ,"[{""type"": ""text"", ""html"": ""<p>The number of atoms present in one mole of an element is equal to Avogadro number. Which of the following element contains the greatest number of atoms?</p>""}]","[{""type"": ""text"", ""html"": ""<p>Detailed solution and NCERT reference for Chemistry: The number of atoms present in one mole of an element is equ...</p>""}]",Medium,4,1,d,grid_2x2,2024,NEET Chemistry Bank,The number of atoms present in one mole of an element is equal to Avogadro number. Which of the following element contains the greatest number of atoms?
b8c1ade3-c9c7-4704-9f4d-4e386c8281ac,CHE-BAS-0180,a0eebc99-9c0b-4ef8-bb6d-6bb9bd380a12,b0eebc99-9c0b-4ef8-bb6d-6bb9bd380b13,MCQ,"[{""type"": ""text"", ""html"": ""<p>If the concentration of glucose (C,H1206) in blood is 0.9 g L\u00b0, blood? , what will be the molarity of glucose in</p>""}]","[{""type"": ""text"", ""html"": ""<p>Detailed solution and NCERT reference for Chemistry: If the concentration of glucose (C,H1206) in blood is 0.9 g ...</p>""}]",Easy,4,1,a,grid_2x2,2024,NEET Chemistry Bank,"If the concentration of glucose (C,H1206) in blood is 0.9 g L°, blood? , what will be the molarity of glucose in"
a242193e-4121-476f-a701-409f512d9300,CHE-BAS-0181,a0eebc99-9c0b-4ef8-bb6d-6bb9bd380a12,b0eebc99-9c0b-4ef8-bb6d-6bb9bd380b13,MCQ,"[{""type"": ""text"", ""html"": ""<p>What will be the molality of the solution containing</p>""}, {""type"": ""image"", ""src"": ""https://bsbbyuaqibehvcbwugif.supabase.co/storage/v1/object/public/question-assets/chemistry/che_diag_14.png"", ""alt"": ""Figure/Table Diagram for CHE-BAS-0181""}]","[{""type"": ""text"", ""html"": ""<p>Detailed solution and NCERT reference for Chemistry: What will be the molality of the solution containing...</p>""}]",Medium,4,1,b,grid_2x2,2024,NEET Chemistry Bank,What will be the molality of the solution containing
7135aaee-a5e9-41b2-85de-9e8c98b86c37,CHE-BAS-0182,a0eebc99-9c0b-4ef8-bb6d-6bb9bd380a12,b0eebc99-9c0b-4ef8-bb6d-6bb9bd380b13,MCQ,"[{""type"": ""text"", ""html"": ""<p>25 g of HCI gas in 500 g of water?</p>""}]","[{""type"": ""text"", ""html"": ""<p>Detailed solution and NCERT reference for Chemistry: 25 g of HCI gas in 500 g of water?...</p>""}]",Medium,4,1,c,grid_2x2,2024,NEET Chemistry Bank,25 g of HCI gas in 500 g of water?
ef40d7cf-2f23-4f06-9890-891dc94503e8,CHE-BAS-0183,a0eebc99-9c0b-4ef8-bb6d-6bb9bd380a12,b0eebc99-9c0b-4ef8-bb6d-6bb9bd380b13,MCQ,"[{""type"": ""text"", ""html"": ""<p>Which of the following reactions is not correct One mole of any substance contains $6.022 \\times 10^{23}$ atoms/molecules. Number of molecules of H,SO, molecules. present in 100 mL of 0.02 M H,SO, solution is</p>""}]","[{""type"": ""text"", ""html"": ""<p>Detailed solution and NCERT reference for Chemistry: Which of the following reactions is not correct One mole of ...</p>""}]",Easy,4,1,d,grid_2x2,2024,NEET Chemistry Bank,"Which of the following reactions is not correct One mole of any substance contains $6.022 \times 10^{23}$ atoms/molecules. Number of molecules of H,SO, molecules. present in 100 mL of 0.02 M H,SO, solution is"
b0bd0287-772e-4f13-99b9-4eb0f5b127e3,CHE-BAS-0184,a0eebc99-9c0b-4ef8-bb6d-6bb9bd380a12,b0eebc99-9c0b-4ef8-bb6d-6bb9bd380b13,MCQ,"[{""type"": ""text"", ""html"": ""<p>Ifthe density of a solution is 3.12 g ml ', , the mass of</p>""}]","[{""type"": ""text"", ""html"": ""<p>Detailed solution and NCERT reference for Chemistry: Ifthe density of a solution is 3.12 g ml ', , the mass of...</p>""}]",Medium,4,1,a,grid_2x2,2024,NEET Chemistry Bank,"Ifthe density of a solution is 3.12 g ml ', , the mass of"
5d1dc2ab-cb66-495e-becb-319cad1ab186,CHE-BAS-0185,a0eebc99-9c0b-4ef8-bb6d-6bb9bd380a12,b0eebc99-9c0b-4ef8-bb6d-6bb9bd380b13,MCQ,"[{""type"": ""text"", ""html"": ""<p>5 mL solution in significant figures is</p>""}]","[{""type"": ""text"", ""html"": ""<p>Detailed solution and NCERT reference for Chemistry: 5 mL solution in significant figures is...</p>""}]",Hard,4,1,b,grid_2x2,2024,NEET Chemistry Bank,5 mL solution in significant figures is
e2556dce-bd0b-4bf5-9bf5-43fffdb19c11,CHE-BAS-0186,a0eebc99-9c0b-4ef8-bb6d-6bb9bd380a12,b0eebc99-9c0b-4ef8-bb6d-6bb9bd380b13,MCQ,"[{""type"": ""text"", ""html"": ""<p>Which of the following statements about a compound is incorrect?</p>""}]","[{""type"": ""text"", ""html"": ""<p>Detailed solution and NCERT reference for Chemistry: Which of the following statements about a compound is incorr...</p>""}]",Easy,4,1,c,grid_2x2,2024,NEET Chemistry Bank,Which of the following statements about a compound is incorrect?
d35afc6b-d1b4-4aee-b106-2a7dfbb4e31c,CHE-BAS-0187,a0eebc99-9c0b-4ef8-bb6d-6bb9bd380a12,b0eebc99-9c0b-4ef8-bb6d-6bb9bd380b13,MCQ,"[{""type"": ""text"", ""html"": ""<p>Which of the following statements is correct about the given reaction: 4Fe(s) + 302(g)\u2192 2Fe,O3()? Total mass of iron and oxygen in reactants = total mass of iron and oxygen in product; therefore, it follows law of conservation of mass.</p>""}]","[{""type"": ""text"", ""html"": ""<p>Detailed solution and NCERT reference for Chemistry: Which of the following statements is correct about the given...</p>""}]",Medium,4,1,d,grid_2x2,2024,NEET Chemistry Bank,"Which of the following statements is correct about the given reaction: 4Fe(s) + 302(g)→ 2Fe,O3()? Total mass of iron and oxygen in reactants = total mass of iron and oxygen in product; therefore, it follows law of conservation of mass."
a21a21a3-6b35-41d4-aa20-59eb88e425b7,CHE-BAS-0188,a0eebc99-9c0b-4ef8-bb6d-6bb9bd380a12,b0eebc99-9c0b-4ef8-bb6d-6bb9bd380b13,MCQ,"[{""type"": ""text"", ""html"": ""<p>The weight of AgCl precipitated when a solution containing 5.85 g of $\\text{NaCl}$ is added to a solution containing 3.4 g of AgNO, is</p>""}, {""type"": ""image"", ""src"": ""https://bsbbyuaqibehvcbwugif.supabase.co/storage/v1/object/public/question-assets/chemistry/che_table_15.png"", ""alt"": ""Figure/Table Diagram for CHE-BAS-0188""}]","[{""type"": ""text"", ""html"": ""<p>Detailed solution and NCERT reference for Chemistry: The weight of AgCl precipitated when a solution containing 5...</p>""}]",Medium,4,1,a,grid_2x2,2024,NEET Chemistry Bank,"The weight of AgCl precipitated when a solution containing 5.85 g of $\text{NaCl}$ is added to a solution containing 3.4 g of AgNO, is"
b75b6174-8915-4b38-8f60-55d0d921bb85,CHE-BAS-0189,a0eebc99-9c0b-4ef8-bb6d-6bb9bd380a12,b0eebc99-9c0b-4ef8-bb6d-6bb9bd380b13,MCQ,"[{""type"": ""text"", ""html"": ""<p>What is the mass percent of oxygen in ethanol?</p>""}]","[{""type"": ""text"", ""html"": ""<p>Detailed solution and NCERT reference for Chemistry: What is the mass percent of oxygen in ethanol?...</p>""}]",Easy,4,1,b,grid_2x2,2024,NEET Chemistry Bank,What is the mass percent of oxygen in ethanol?
d59a7a43-0079-4308-8f84-3b5440b9359f,CHE-BAS-0190,a0eebc99-9c0b-4ef8-bb6d-6bb9bd380a12,b0eebc99-9c0b-4ef8-bb6d-6bb9bd380b13,MCQ,"[{""type"": ""text"", ""html"": ""<p>How much mass of sodium acetate is required to make 250 mL of 0.575 molar aqueous solution?</p>""}]","[{""type"": ""text"", ""html"": ""<p>Detailed solution and NCERT reference for Chemistry: How much mass of sodium acetate is required to make 250 mL o...</p>""}]",Hard,4,1,c,grid_2x2,2024,NEET Chemistry Bank,How much mass of sodium acetate is required to make 250 mL of 0.575 molar aqueous solution?
9e75388e-5f2f-4621-bd72-e280fd75cc79,CHE-BAS-0191,a0eebc99-9c0b-4ef8-bb6d-6bb9bd380a12,b0eebc99-9c0b-4ef8-bb6d-6bb9bd380b13,MCQ,"[{""type"": ""text"", ""html"": ""<p>A solution is prepared by adding 5 g of a solute 'X* to 45 g of solvent 'Y. What is the mass per cent of the solute 'X?</p>""}]","[{""type"": ""text"", ""html"": ""<p>Detailed solution and NCERT reference for Chemistry: A solution is prepared by adding 5 g of a solute 'X* to 45 g...</p>""}]",Medium,4,1,d,grid_2x2,2024,NEET Chemistry Bank,A solution is prepared by adding 5 g of a solute 'X* to 45 g of solvent 'Y. What is the mass per cent of the solute 'X?
8e069d9e-0349-431d-a0d0-a56ccea8ab8f,CHE-BAS-0192,a0eebc99-9c0b-4ef8-bb6d-6bb9bd380a12,b0eebc99-9c0b-4ef8-bb6d-6bb9bd380b13,MCQ,"[{""type"": ""text"", ""html"": ""<p>82 g of glucose is dissolved in 30 g of water. The mole fraction of glucose in the solution is</p>""}]","[{""type"": ""text"", ""html"": ""<p>Detailed solution and NCERT reference for Chemistry: 82 g of glucose is dissolved in 30 g of water. The mole frac...</p>""}]",Easy,4,1,a,grid_2x2,2024,NEET Chemistry Bank,82 g of glucose is dissolved in 30 g of water. The mole fraction of glucose in the solution is
72ad609e-4d1d-4975-9861-88afea9e796f,CHE-BAS-0193,a0eebc99-9c0b-4ef8-bb6d-6bb9bd380a12,b0eebc99-9c0b-4ef8-bb6d-6bb9bd380b13,MCQ,"[{""type"": ""text"", ""html"": ""<p>What volume of water is to be added to 100 cm of</p>""}]","[{""type"": ""text"", ""html"": ""<p>Detailed solution and NCERT reference for Chemistry: What volume of water is to be added to 100 cm of...</p>""}]",Medium,4,1,b,grid_2x2,2024,NEET Chemistry Bank,What volume of water is to be added to 100 cm of
a406ccd9-1d6d-4817-9f08-d62d33f8c1b8,CHE-BAS-0194,a0eebc99-9c0b-4ef8-bb6d-6bb9bd380a12,b0eebc99-9c0b-4ef8-bb6d-6bb9bd380b13,MCQ,"[{""type"": ""text"", ""html"": ""<p>5 M NaOH solution to make it 0.1 M solution?</p>""}, {""type"": ""image"", ""src"": ""https://bsbbyuaqibehvcbwugif.supabase.co/storage/v1/object/public/question-assets/chemistry/che_diag_15.png"", ""alt"": ""Figure/Table Diagram for CHE-BAS-0194""}]","[{""type"": ""text"", ""html"": ""<p>Detailed solution and NCERT reference for Chemistry: 5 M NaOH solution to make it 0.1 M solution?...</p>""}]",Medium,4,1,c,grid_2x2,2024,NEET Chemistry Bank,5 M NaOH solution to make it 0.1 M solution?
97184da2-561b-4480-8afe-39e8b818d695,CHE-BAS-0195,a0eebc99-9c0b-4ef8-bb6d-6bb9bd380a12,b0eebc99-9c0b-4ef8-bb6d-6bb9bd380b13,MCQ,"[{""type"": ""text"", ""html"": ""<p>Molarity equation of a mixture of solutions of same substance is given by</p>""}]","[{""type"": ""text"", ""html"": ""<p>Detailed solution and NCERT reference for Chemistry: Molarity equation of a mixture of solutions of same substanc...</p>""}]",Easy,4,1,d,grid_2x2,2024,NEET Chemistry Bank,Molarity equation of a mixture of solutions of same substance is given by
00e32684-2cb2-4cab-a48a-2613e1ed1606,CHE-BAS-0196,a0eebc99-9c0b-4ef8-bb6d-6bb9bd380a12,b0eebc99-9c0b-4ef8-bb6d-6bb9bd380b13,MCQ,"[{""type"": ""text"", ""html"": ""<p>M, M\u0437 M2. X X</p>""}]","[{""type"": ""text"", ""html"": ""<p>Detailed solution and NCERT reference for Chemistry: M, M\u0437 M2. X X...</p>""}]",Medium,4,1,a,grid_2x2,2024,NEET Chemistry Bank,"M, Mз M2. X X"
3510eba2-e119-48c0-a9fd-cdc766774bcc,CHE-BAS-0197,a0eebc99-9c0b-4ef8-bb6d-6bb9bd380a12,b0eebc99-9c0b-4ef8-bb6d-6bb9bd380b13,MCQ,"[{""type"": ""text"", ""html"": ""<p>The final molarity of a solution made by mixing 50 mL of 0.5 M HCI, 150 mL of 0.25 M HCI and water to make the volume 250 mL is</p>""}]","[{""type"": ""text"", ""html"": ""<p>Detailed solution and NCERT reference for Chemistry: The final molarity of a solution made by mixing 50 mL of 0.5...</p>""}]",Medium,4,1,b,grid_2x2,2024,NEET Chemistry Bank,"The final molarity of a solution made by mixing 50 mL of 0.5 M HCI, 150 mL of 0.25 M HCI and water to make the volume 250 mL is"
774f778b-e10a-4663-96bb-2035677bf9fd,CHE-BAS-0198,a0eebc99-9c0b-4ef8-bb6d-6bb9bd380a12,b0eebc99-9c0b-4ef8-bb6d-6bb9bd380b13,MCQ,"[{""type"": ""text"", ""html"": ""<p>A solution is made by dissolving 49 g of H,SO4 in 250 mL of water. The molarity of the solution prepared is</p>""}]","[{""type"": ""text"", ""html"": ""<p>Detailed solution and NCERT reference for Chemistry: A solution is made by dissolving 49 g of H,SO4 in 250 mL of ...</p>""}]",Easy,4,1,c,grid_2x2,2024,NEET Chemistry Bank,"A solution is made by dissolving 49 g of H,SO4 in 250 mL of water. The molarity of the solution prepared is"
b496f47c-e82d-4578-a500-682043c0672e,CHE-BAS-0199,a0eebc99-9c0b-4ef8-bb6d-6bb9bd380a12,b0eebc99-9c0b-4ef8-bb6d-6bb9bd380b13,MCQ,"[{""type"": ""text"", ""html"": ""<p>What is the concentration of copper sulphate (in mol L ') if 80 g of it is dissolved in enough water to make a final volume of 3 L?</p>""}]","[{""type"": ""text"", ""html"": ""<p>Detailed solution and NCERT reference for Chemistry: What is the concentration of copper sulphate (in mol L ') if...</p>""}]",Medium,4,1,d,grid_2x2,2024,NEET Chemistry Bank,What is the concentration of copper sulphate (in mol L ') if 80 g of it is dissolved in enough water to make a final volume of 3 L?
0d15c15f-6f8a-451c-a849-6a1b6e8afe9f,CHE-BAS-0200,a0eebc99-9c0b-4ef8-bb6d-6bb9bd380a12,b0eebc99-9c0b-4ef8-bb6d-6bb9bd380b13,MCQ,"[{""type"": ""text"", ""html"": ""<p>28 g of NaOH is dissolved in water and the solution is made to 250 cc. What will be the molarity of the solution?</p>""}]","[{""type"": ""text"", ""html"": ""<p>Detailed solution and NCERT reference for Chemistry: 28 g of NaOH is dissolved in water and the solution is made ...</p>""}]",Hard,4,1,a,grid_2x2,2024,NEET Chemistry Bank,28 g of NaOH is dissolved in water and the solution is made to 250 cc. What will be the molarity of the solution?
1a641930-de02-4b32-bdb7-a705f43c6fb3,CHE-BAS-0201,a0eebc99-9c0b-4ef8-bb6d-6bb9bd380a12,b0eebc99-9c0b-4ef8-bb6d-6bb9bd380b13,MCQ,"[{""type"": ""text"", ""html"": ""<p>What volume of 5 M Na,SO, must be added to 25 mL of 1 M BaCl, to produce 10 g of BaSO\u2039?</p>""}]","[{""type"": ""text"", ""html"": ""<p>Detailed solution and NCERT reference for Chemistry: What volume of 5 M Na,SO, must be added to 25 mL of 1 M BaCl...</p>""}]",Easy,4,1,b,grid_2x2,2024,NEET Chemistry Bank,"What volume of 5 M Na,SO, must be added to 25 mL of 1 M BaCl, to produce 10 g of BaSO‹?"
5dc65f5e-a969-4db3-b36a-c050d8a8c72b,CHE-BAS-0202,a0eebc99-9c0b-4ef8-bb6d-6bb9bd380a12,b0eebc99-9c0b-4ef8-bb6d-6bb9bd380b13,MCQ,"[{""type"": ""text"", ""html"": ""<p>What will be the molarity of the solution in which</p>""}]","[{""type"": ""text"", ""html"": ""<p>Detailed solution and NCERT reference for Chemistry: What will be the molarity of the solution in which...</p>""}]",Medium,4,1,c,grid_2x2,2024,NEET Chemistry Bank,What will be the molarity of the solution in which
ed00dcb8-04aa-45c0-891a-41b6dec1eae7,CHE-BAS-0203,a0eebc99-9c0b-4ef8-bb6d-6bb9bd380a12,b0eebc99-9c0b-4ef8-bb6d-6bb9bd380b13,MCQ,"[{""type"": ""text"", ""html"": ""<p>365 g of HCl gas is dissolved in 100 mL of solution?</p>""}]","[{""type"": ""text"", ""html"": ""<p>Detailed solution and NCERT reference for Chemistry: 365 g of HCl gas is dissolved in 100 mL of solution?...</p>""}]",Medium,4,1,d,grid_2x2,2024,NEET Chemistry Bank,365 g of HCl gas is dissolved in 100 mL of solution?
24611fb7-ebae-4579-b41a-a056bf56f9f8,CHE-BAS-0204,a0eebc99-9c0b-4ef8-bb6d-6bb9bd380a12,b0eebc99-9c0b-4ef8-bb6d-6bb9bd380b13,MCQ,"[{""type"": ""text"", ""html"": ""<p>Which mode of concentration changes with temperature?</p>""}]","[{""type"": ""text"", ""html"": ""<p>Detailed solution and NCERT reference for Chemistry: Which mode of concentration changes with temperature?...</p>""}]",Easy,4,1,a,grid_2x2,2024,NEET Chemistry Bank,Which mode of concentration changes with temperature?
84ffe7ce-9ac8-453b-9481-f5d6bc287d3e,CHE-BAS-0205,a0eebc99-9c0b-4ef8-bb6d-6bb9bd380a12,b0eebc99-9c0b-4ef8-bb6d-6bb9bd380b13,MCQ,"[{""type"": ""text"", ""html"": ""<p>What will be the molality of the solution made by dissolving 10 g of NaOH in 100 g of water?</p>""}]","[{""type"": ""text"", ""html"": ""<p>Detailed solution and NCERT reference for Chemistry: What will be the molality of the solution made by dissolving...</p>""}]",Hard,4,1,b,grid_2x2,2024,NEET Chemistry Bank,What will be the molality of the solution made by dissolving 10 g of NaOH in 100 g of water?
390d5cea-e71d-4396-944b-5376752e37f0,CHE-BAS-0206,a0eebc99-9c0b-4ef8-bb6d-6bb9bd380a12,b0eebc99-9c0b-4ef8-bb6d-6bb9bd380b13,MCQ,"[{""type"": ""text"", ""html"": ""<p>What will be the molality of chloroform in the water sample which contains 15 ppm chloroform by mass?</p>""}]","[{""type"": ""text"", ""html"": ""<p>Detailed solution and NCERT reference for Chemistry: What will be the molality of chloroform in the water sample ...</p>""}]",Medium,4,1,c,grid_2x2,2024,NEET Chemistry Bank,What will be the molality of chloroform in the water sample which contains 15 ppm chloroform by mass?
